"locator_domain","page_url","location_name","street_address","city","state","zip","country_code","store_number","phone","location_type","latitude","longitude","hours_of_operation"
"hearinglife.ca","https://www.hearinglife.ca/Centers/Alberta/calgary-acadia","Calgary Acadia - Hearing Centre","103-8330 Fairmount Drive SE","Calgary","Alberta","T2H 0Y8","CA","<MISSING>","1-888-437-8137","<MISSING>","50.9784342","-114.0595053","Monday 8:30am - 4:30pm Tuesday 8:30am - 4:30pm Wednesday 8:30am - 4:30pm Thursday 8:30am - 4:30pm Friday 8:30am - 4:30pm Saturday Closed Sunday Closed"
"hearinglife.ca","https://www.hearinglife.ca/Centers/Alberta/calgary-capitol-hill","Calgary Capitol Hill - Hearing Centre   ","206-2004 14 Street NW","Calgary","Alberta","T2M 3N3","CA","<MISSING>","1-888-445-7605","<MISSING>","51.0699835","-114.0944304","Monday 8:30am - 4:30pm Tuesday 8:30am - 4:30pm Wednesday 8:30am - 4:30pm Thursday 8:30am - 4:30pm Friday 8:30am - 4:30pm Saturday Closed Sunday Closed"
"hearinglife.ca","https://www.hearinglife.ca/Centers/Alberta/calgary-gulf-canada-square","Calgary Gulf Canada Square - Hearing Centre   ","180-401 9 Avenue SW","Calgary","Alberta","T2P 3C5","CA","<MISSING>","1-888-439-6051","<MISSING>","51.0443882","-114.0687587","Monday 8:30am - 4:30pm Tuesday 8:30am - 4:30pm Wednesday 8:30am - 4:30pm Thursday 8:30am - 4:30pm Friday 8:30am - 4:30pm Saturday Closed Sunday Closed"
"hearinglife.ca","https://www.hearinglife.ca/Centers/Alberta/calgary-mission","Calgary Mission - Hearing Centre  ","501-2303 4 Street SW","Calgary","Alberta","T2S 2S7","CA","<MISSING>","1-888-440-0122","<MISSING>","51.0323193","-114.0719715","Monday 8:30am - 4:30pm Tuesday 8:30am - 4:30pm Wednesday 8:30am - 4:30pm Thursday 8:30am - 4:30pm Friday Closed Saturday Closed Sunday Closed"
"hearinglife.ca","https://www.hearinglife.ca/Centers/Alberta/calgary-northland","Calgary Northland - Hearing Centre ","4820 Northland Drive NW","Calgary","Alberta","T2L 2L4","CA","<MISSING>","1-888-440-8275","<MISSING>","51.0958026","-114.1407348","Monday 8:30am - 4:30pm Tuesday 8:30am - 4:30pm Wednesday 8:30am - 4:30pm Thursday 8:30am - 4:30pm Friday 8:30am - 4:30pm Saturday Closed Sunday Closed"
"hearinglife.ca","https://www.hearinglife.ca/Centers/Alberta/calgary-oakridge-co-op-centre","Calgary Oakridge Co-op Centre - Hearing Centre ","41-2580 Southland Drive SW","Calgary","Alberta","T2V 4J8","CA","<MISSING>","1-855-780-9244 ","<MISSING>","50.962724","-114.120604","Monday 8:30am - 4:30pm Tuesday 8:30am - 4:30pm Wednesday 8:30am - 4:30pm Thursday 8:30am - 4:30pm Friday 8:30am - 4:30pm Saturday Closed Sunday Closed"
"hearinglife.ca","https://www.hearinglife.ca/Centers/Alberta/calgary-southwest","Calgary Southwest - Hearing Centre ","210-903 10th Avenue Southwest","Calgary","Alberta","T2R 0B5","CA","<MISSING>","1-855-767-8676 ","<MISSING>","51.044598","-114.107008","Monday Closed Tuesday 8:30am - 4:30pm Wednesday Closed Thursday 8:30am - 4:30pm Friday Closed Saturday Closed Sunday Closed"
"hearinglife.ca","https://www.hearinglife.ca/Centers/Alberta/calgary-thorncliffe","Calgary Thorncliffe - Hearing Centre ","10-5440 4th Street NW","Calgary","Alberta","T2K 1A8","CA","<MISSING>","1-888-489-3437","<MISSING>","51.0994401","-114.0709771","Monday 8:30am - 4:30pm Tuesday 8:30am - 4:30pm Wednesday 8:30am - 4:30pm Thursday 8:30am - 4:30pm Friday 8:30am - 4:30pm Saturday Closed Sunday Closed"
"hearinglife.ca","https://www.hearinglife.ca/Centers/Alberta/calgary-west-springs","Calgary West Springs - Hearing Centre ","8 Weston Drive SW","Calgary","Alberta","T3H 5P2","CA","<MISSING>","1-888-446-2989","<MISSING>","51.0637672","-114.1945129","Monday 8:30am - 4:30pm Tuesday 8:30am - 4:30pm Wednesday 8:30am - 4:30pm Thursday 8:30am - 4:30pm Friday 8:30am - 4:30pm Saturday Closed Sunday Closed"
"hearinglife.ca","https://www.hearinglife.ca/Centers/Alberta/calgary-whitehorn-plaza","Calgary Whitehorn Plaza - Hearing Centre ","2A-4440 44 Avenue NE","Calgary","Alberta","T1Y 4W5","CA","<MISSING>","1-855-778-4707 ","<MISSING>","51.092785","-113.966179","Monday 8:30am - 4:30pm Tuesday 8:30am - 4:30pm Wednesday 8:30am - 4:30pm Thursday 8:30am - 4:30pm Friday 8:30am - 4:30pm Saturday Closed Sunday Closed"
"hearinglife.ca","https://www.hearinglife.ca/Centers/Alberta/camrose","Camrose - Hearing Centre ","4910 51 Street","Camrose","Alberta","T4V 1S3","CA","<MISSING>","1-888-439-1375","<MISSING>","53.021288","-112.827068","Monday 8:30am - 4:30pm Tuesday 8:30am - 4:30pm Wednesday 8:30am - 4:30pm Thursday 8:30am - 4:30pm Friday 8:30am - 4:30pm Saturday Closed Sunday Closed"
"hearinglife.ca","https://www.hearinglife.ca/Centers/Alberta/cold-lake","Cold Lake - Hearing Centre  (By Appointment Only)","5016 50 Avenue","Cold Lake","Alberta","T9M 1X6","CA","<MISSING>","1-888-886-3295","<MISSING>","54.4136242","-110.207344","Wednesday - 2nd and 4th week of the month Thursday - 2nd and 4th week of the month Friday - 2nd and 4th week of the month By appointment only"
"hearinglife.ca","https://www.hearinglife.ca/Centers/Alberta/edmonton-110","Edmonton Summerside - Hearing Centre ","1109 Summerside Drive SW, #6","Edmonton","Alberta","T6X 0H5","CA","<MISSING>","1-844-339-1666","<MISSING>","53.42418","-113.46264","Monday 9:00am - 5:00pm Tuesday 9:00am - 5:00pm Wednesday 9:00am - 5:00pm Thursday 9:00am - 5:00pm Friday 9:00am - 5:00pm Saturday Closed Sunday Closed"
"hearinglife.ca","https://www.hearinglife.ca/Centers/Alberta/edmonton-central","Edmonton Central - Hearing Centre ","10608 124 Street","Edmonton","Alberta","T5N 1S3","CA","<MISSING>","1-888-439-3075","<MISSING>","53.5496229","-113.536385","Monday 8:30am - 4:30pm Tuesday 8:30am - 4:30pm Wednesday 8:30am - 4:30pm Thursday 8:30am - 4:30pm Friday 8:30am - 4:30pm Saturday Closed Sunday Closed"
"hearinglife.ca","https://www.hearinglife.ca/Centers/Alberta/edmonton-north","Edmonton North - Hearing Centre ","8028 118 Avenue NW","Edmonton","Alberta","T5B 0R8","CA","<MISSING>","1-888-448-5475","<MISSING>","53.5712339","-113.464906","Monday 8:30am - 4:30pm Tuesday 8:30am - 4:30pm Wednesday 8:30am - 4:30pm Thursday 8:30am - 4:30pm Friday 8:30am - 4:30pm Saturday Closed Sunday Closed"
"hearinglife.ca","https://www.hearinglife.ca/Centers/Alberta/edmonton-southeast","Edmonton Southeast - Hearing Centre ","7910 104 Street","Edmonton","Alberta","T6E 4C8","CA","<MISSING>","1-888-439-3159","<MISSING>","53.51553","-113.497985","Monday 8:30am - 4:30pm Tuesday 8:30am - 4:30pm Wednesday 8:30am - 4:30pm Thursday 8:30am - 4:30pm Friday 8:30am - 4:30pm Saturday Closed Sunday Closed"
"hearinglife.ca","https://www.hearinglife.ca/Centers/Alberta/edmonton-southwest","Edmonton Southwest - Hearing Centre ","2815 116 Street","Edmonton","Alberta","T6J 4R6","CA","<MISSING>","1-877-525-1197","<MISSING>","53.460683","-113.531536","Monday 8:30am - 4:30pm Tuesday 8:30am - 4:30pm Wednesday 8:30am - 4:30pm Thursday 8:30am - 4:30pm Friday 8:30am - 4:30pm Saturday Closed Sunday Closed"
"hearinglife.ca","https://www.hearinglife.ca/Centers/Alberta/edmonton-westmount","Edmonton Westmount - Hearing Centre ","436 Westmount Centre","Edmonton","Alberta","T5M 3L7","CA","<MISSING>","1-888-435-2651","<MISSING>","53.561628","-113.553086","Monday 8:30am - 4:30pm Tuesday 8:30am - 4:30pm Wednesday 8:30am - 4:30pm Thursday 8:30am - 4:30pm Friday 8:30am - 4:30pm Saturday Closed Sunday Closed"
"hearinglife.ca","https://www.hearinglife.ca/Centers/Alberta/fort-saskatchewan","Fort Saskatchewan - Hearing Centre ","201-10101 86 Avenue","Fort Saskatchewan","Alberta","T8L 0T6","CA","<MISSING>","1-833-899-6131","<MISSING>","53.697971","-113.202269","Monday 8:30am - 4:30pm Tuesday 8:30am - 4:30pm Wednesday 8:30am - 4:30pm Thursday 8:30am - 4:30pm Friday 8:30am - 4:30pm Saturday Closed Sunday Closed"
"hearinglife.ca","https://www.hearinglife.ca/Centers/Alberta/grande-prairie","Grande Prairie - Hearing Centre  ","10320 111 Street","Grande Prairie","Alberta","T8V 7L3","CA","<MISSING>","1-888-439-5290","<MISSING>","55.172307","-118.830709","Monday 8:30am - 4:30pm Tuesday 8:30am - 4:30pm Wednesday 8:30am - 4:30pm Thursday 8:30am - 4:30pm Friday 8:30am - 4:30pm Saturday Closed Sunday Closed"
"hearinglife.ca","https://www.hearinglife.ca/Centers/Alberta/grande-prairie-prairie-hearing-centre","Grande Prairie - Prairie Hearing Centre  - Hearing Centre ","9725 98 Avenue","Grande Prairie","Alberta","T8V 8K5","CA","<MISSING>","1-866-935-7390","<MISSING>","55.1687555","-118.7870025","Monday 9:00am - 5:00pm Tuesday 9:00am - 5:00pm Wednesday 9:00am - 5:00pm Thursday 9:00am - 5:00pm Friday 9:00am - 5:00pm Saturday Closed Sunday Closed"
"hearinglife.ca","https://www.hearinglife.ca/Centers/Alberta/high-river","High River, Alberta - Hearing Centre ","28 12 Avenue SE","High River","Alberta","T1V 1T2","CA","<MISSING>","1-888-439-6155","<MISSING>","50.5723626","-113.8712036","Monday 9:00am - 3:00pm Tuesday 9:00am - 3:00pm Wednesday 9:00am - 3:00pm Thursday 9:00am - 3:00pm Friday 9:00am - 3:00pm Saturday Closed Sunday Closed"
"hearinglife.ca","https://www.hearinglife.ca/Centers/Alberta/lethbridge","Lethbridge 3 Avenue South- Hearing Clinic","1258 3 Avenue South","Lethbridge","Alberta","T1J 0J9","CA","<MISSING>","1-888-439-8085","<MISSING>","49.6960931","-112.8257922","Monday 8:30am - 4:30pm Tuesday 8:30am - 4:30pm Wednesday 8:30am - 4:30pm Thursday 8:30am - 4:30pm Friday 8:30am - 4:30pm Saturday Closed Sunday Closed"
"hearinglife.ca","https://www.hearinglife.ca/Centers/Alberta/lethbridge-advantage-hearing-centre","Lethbridge - Advantage Hearing Centre","406 6th Street South","Lethbridge","Alberta","T1J 2C9","CA","<MISSING>","1-888-475-0973","<MISSING>","49.6940348","-112.8385456","Monday 8:30am - 4:30pm Tuesday 8:30am - 4:30pm Wednesday 8:30am - 4:30pm Thursday 8:30am - 4:30pm Friday 8:30am - 4:30pm Saturday Closed Sunday Closed"
"hearinglife.ca","https://www.hearinglife.ca/Centers/Alberta/lethbridge-leishman","Lethbridge 11 Street South - Hearing Clinic","209 11th Street South","Lethbridge","Alberta","T1J 4A6","CA","<MISSING>","1-855-454-4982","<MISSING>","49.6969638","-112.8306721","Monday 9:00am - 3:00pm Tuesday 9:00am - 3:00pm Wednesday 9:00am - 3:00pm Thursday 9:00am - 3:00pm Friday 9:00am - 3:00pm Saturday Closed Sunday Closed"
"hearinglife.ca","https://www.hearinglife.ca/Centers/Alberta/lethbridge-magrath","Lethbridge Magrath - Hearing Clinic","1332 Mayor Magrath Drive South","Lethbridge","Alberta","T1K 2R2","CA","<MISSING>","1-888-429-8163","<MISSING>","49.6788953","-112.8035014","Monday 9:00am - 4:30pm Tuesday 9:00am - 4:30pm Wednesday 9:00am - 4:30pm Thursday 9:00am - 4:30pm Friday Closed Saturday Closed Sunday Closed"
"hearinglife.ca","https://www.hearinglife.ca/Centers/Alberta/lethbridge-wensley","Lethbridge 6 Avenue South - Hearing Clinic","509 6 Avenue South","Lethbridge","Alberta","T1J 4N6","CA","<MISSING>","1-888-446-2940","<MISSING>","49.691115","-112.839233","Monday 9:00am - 3:00pm Tuesday 9:00am - 3:00pm Wednesday 9:00am - 3:00pm Thursday 9:00am - 3:00pm Friday 9:00am - 3:00pm Saturday Closed Sunday Closed"
"hearinglife.ca","https://www.hearinglife.ca/Centers/Alberta/lloydminster-lloydminster-hearing-centre","Lloydminster - Lloydminster Hearing Clinic","5114 46 Street","Lloydminster","Alberta","T9V 0C6","CA","<MISSING>","1-888-439-9677","<MISSING>","53.280059","-110.009261","Monday 8:30am - 4:30pm Tuesday 8:30am - 4:30pm Wednesday 8:30am - 4:30pm Thursday 8:30am - 4:30pm Friday 8:30am - 4:30pm Saturday Closed Sunday Closed"
"hearinglife.ca","https://www.hearinglife.ca/Centers/Alberta/medicine-hat","Medicine Hat - Hearing Clinic","3070 Dunmore Road SE","Medicine Hat","Alberta","T1B 2X2","CA","<MISSING>","1-888-439-9878","<MISSING>","50.010244","-110.650766","Monday 9:00am - 5:00pm Tuesday 9:00am - 5:00pm Wednesday 9:00am - 5:00pm Thursday 9:00am - 5:00pm Friday 9:00am - 5:00pm Saturday Closed Sunday Closed"
"hearinglife.ca","https://www.hearinglife.ca/Centers/Alberta/okotoks","Okotoks - Hearing Centre","202-40 Elizabeth Street","Okotoks","Alberta","T1S 1B5","CA","<MISSING>","1-888-903-5773","<MISSING>","50.725874","-113.977114","Monday Closed Tuesday 8:30am - 4:30pm Wednesday 8:30am - 4:30pm Thursday 8:30am - 4:30pm Friday Closed Saturday Closed Sunday Closed"
"hearinglife.ca","https://www.hearinglife.ca/Centers/Alberta/olds","Olds - Hearing Centre ","6700 46 Street","Olds","Alberta","T4H 0A2","CA","<MISSING>","1-888-440-9426","<MISSING>","51.795889","-114.1396079","Monday 8:30am - 4:30pm Tuesday 8:30am - 4:30pm Wednesday 8:30am - 4:30pm Thursday 8:30am - 4:30pm Friday 8:30am - 4:30pm Saturday Closed Sunday Closed"
"hearinglife.ca","https://www.hearinglife.ca/Centers/Alberta/red-deer","Red Deer - Hearing Centre ","3617 50 Avenue","Red Deer","Alberta","T4N 3Y5","CA","<MISSING>","1-888-442-8567","<MISSING>","52.2569827","-113.813184","Monday 8:30am - 4:30pm Tuesday 8:30am - 4:30pm Wednesday 8:30am - 4:30pm Thursday 8:30am - 4:30pm Friday 8:30am - 4:30pm Saturday Closed Sunday Closed"
"hearinglife.ca","https://www.hearinglife.ca/Centers/Alberta/sherwood-park","Sherwood Park - Hearing Centre ","12-2 Athabascan Avenue","Sherwood Park","Alberta","T8A 4E3","CA","<MISSING>","1-888-443-8718","<MISSING>","53.5369384","-113.3208449","Monday 8:30am - 4:30pm Tuesday 8:30am - 4:30pm Wednesday 8:30am - 4:30pm Thursday 8:30am - 4:30pm Friday 8:30am - 4:30pm Saturday Closed Sunday Closed"
"hearinglife.ca","https://www.hearinglife.ca/Centers/Alberta/spruce-grove","Spruce Grove - Hearing Centre ","108A - 215 McLeod Avenue","Spruce Grove","Alberta","T7X 0G2","CA","<MISSING>","1-888-445-0785","<MISSING>","53.5424521","-113.9037117","Monday 8:30am - 4:30pm Tuesday 8:30am - 4:30pm Wednesday 8:30am - 4:30pm Thursday 8:30am - 4:30pm Friday 8:30am - 4:30pm Saturday Closed Sunday Closed"
"hearinglife.ca","https://www.hearinglife.ca/Centers/Alberta/st-albert","St. Albert - Hearing Centre ","38 St. Thomas Street","St. Albert","Alberta","T8N 7J6","CA","<MISSING>","1-888-445-0847","<MISSING>","53.6323371","-113.6260183","Monday 8:30am - 4:30pm Tuesday 8:30am - 4:30pm Wednesday 8:30am - 4:30pm Thursday 8:30am - 4:30pm Friday 8:30am - 4:30pm Saturday Closed Sunday Closed"
"hearinglife.ca","https://www.hearinglife.ca/Centers/british-columbia/abbotsford","Abbotsford - Hearing Centre ","1975 McCallum Road","Abbotsford","British Columbia","V2S 3N3","CA","<MISSING>","1-888-437-8078","<MISSING>","49.0378326","-122.2939821","Monday 8:30am - 4:30pm Tuesday 8:30am - 4:30pm Wednesday 8:30am - 4:30pm Thursday 8:30am - 4:30pm Friday 8:30am - 4:30pm Saturday Closed Sunday Closed"
"hearinglife.ca","https://www.hearinglife.ca/Centers/british-columbia/ashcroft","Ashcroft - Hearing Centre ","310B Railway Avenue","Ashcroft","British Columbia","V0K 1A0","CA","<MISSING>","1-888-617-5649","<MISSING>","50.72333","-121.2797718","Monday Closed Tuesday 8:30am - 4:30pm Wednesday Closed Thursday Closed Friday Closed Saturday Closed Sunday Closed"
"hearinglife.ca","https://www.hearinglife.ca/Centers/british-columbia/burnaby-cameron","Burnaby Cameron - Hearing Centre","255-9600 Cameron Street","Burnaby","British Columbia","V3J 7N3","CA","<MISSING>","1-888-439-1207","<MISSING>","49.253077","-122.8982355","Monday 8:30am - 4:30pm Tuesday Closed Wednesday 8:30am - 4:30pm Thursday 8:30am - 4:30pm Friday 8:30am - 4:30pm Saturday Closed Sunday Closed"
"hearinglife.ca","https://www.hearinglife.ca/Centers/british-columbia/burnaby-hastings","Burnaby Hastings - Hearing Centre","4121 Hastings Street","Burnaby","British Columbia","V5C 2J3","CA","<MISSING>","1-888-439-1248","<MISSING>","49.2810724","-123.0134912","Monday Closed Tuesday 8:30am - 4:30pm Wednesday Closed Thursday 8:30am - 4:30pm Friday 8:30am - 4:30pm Saturday Closed Sunday Closed"
"hearinglife.ca","https://www.hearinglife.ca/Centers/british-columbia/chilliwack","Chilliwack - Hearing Centre ","13-45966 Yale Road","Chilliwack","British Columbia","V2P 2M3","CA","<MISSING>","1-888-439-2051","<MISSING>","49.1680729","-121.9566505","Monday 8:30am - 4:30pm Tuesday 8:30am - 4:30pm Wednesday 8:30am - 4:30pm Thursday 8:30am - 4:30pm Friday 8:30am - 4:30pm Saturday Closed Sunday Closed"
"hearinglife.ca","https://www.hearinglife.ca/Centers/british-columbia/forbes-goldstream","Forbes Goldstream - Hearing Centre ","755 Goldstream Avenue","Victoria","British Columbia","V9B 0H9","CA","<MISSING>","1-844-267-8726","<MISSING>","48.4483181","-123.4979788","Monday Closed Tuesday 8:30am - 4:30pm Wednesday 8:30am - 4:30pm Thursday Closed Friday Closed Saturday Closed Sunday Closed"
"hearinglife.ca","https://www.hearinglife.ca/Centers/british-columbia/kamloops-downtown","Kamloops Downtown - Hearing Centre ","208-321 Nicola Street","Kamloops","British Columbia","V2C 6G6","CA","<MISSING>","1-888-221-4326","<MISSING>","50.6721063","-120.3339363","Monday 8:30am - 4:30pm Tuesday 8:30am - 4:30pm Wednesday 8:30am - 4:30pm Thursday 8:30am - 4:30pm Friday 8:30am - 4:30pm Saturday Closed Sunday Closed"
"hearinglife.ca","https://www.hearinglife.ca/Centers/british-columbia/kamloops-north-shore","Kamloops North Shore - Hearing Centre ","700 Tranquille Road","Kamloops","British Columbia","V2B 3H9","CA","<MISSING>","1-888-236-9567","<MISSING>","50.696979","-120.3592144","Monday 9:30am - 5:30pm Tuesday 9:30am - 5:30pm Wednesday 9:30am - 5:30pm Thursday 9:30am - 5:30pm Friday 9:30am - 5:30pm Saturday Closed Sunday Closed"
"hearinglife.ca","https://www.hearinglife.ca/Centers/british-columbia/kelowna","Kelowna - Hearing Centre ","1876 Cooper Road","Kelowna","British Columbia","V1Y 9N6","CA","<MISSING>","1-888-313-6847","<MISSING>","49.8793337","-119.4458325","Monday 8:30am - 4:30pm Tuesday 8:30am - 4:30pm Wednesday 8:30am - 4:30pm Thursday 8:30am - 4:30pm Friday Closed Saturday Closed Sunday Closed"
"hearinglife.ca","https://www.hearinglife.ca/Centers/british-columbia/Kelowna-Tutt-Street","Kelowna - Tutt Street - Hearing Centre ","2755 Tutt Street","Kelowna","British Columbia","V1Y 0G1","CA","<MISSING>"," 1-833-426-7351","<MISSING>","49.86344","-119.48972","Monday Closed Tuesday Closed Wednesday Closed Thursday Closed Friday 8:30am - 4:30pm Saturday Sunday"
"hearinglife.ca","https://www.hearinglife.ca/Centers/british-columbia/ladner","Ladner - Hearing Centre ","5074 48 Avenue","Delta","British Columbia","V4K 1V8","CA","<MISSING>","1-866-967-7227","<MISSING>","49.0901291","-123.0818778","Monday 8:30am - 4:30pm Tuesday 8:30am - 4:30pm Wednesday 8:30am - 4:30pm Thursday Closed Friday Closed Saturday Closed Sunday Closed"
"hearinglife.ca","https://www.hearinglife.ca/Centers/british-columbia/langley","Langley - Hearing Centre ","20654 Fraser Highway","Langley","British Columbia","V3A 4G5","CA","<MISSING>","1-888-439-7993","<MISSING>","49.103026","-122.650271","Monday 8:30am - 4:30pm Tuesday 8:30am - 4:30pm Wednesday 8:30am - 4:30pm Thursday 8:30am - 4:30pm Friday 8:30am - 4:30pm Saturday Closed Sunday Closed"
"hearinglife.ca","https://www.hearinglife.ca/Centers/british-columbia/nanaimo","Nanaimo - Hearing Centre ","6631 Island Highway North","Nanaimo","British Columbia","V9T 4T7","CA","<MISSING>","1-888-440-3418","<MISSING>","49.2349895","-124.0456015","Monday 8:30am - 4:30pm Tuesday 8:30am - 4:30pm Wednesday 8:30am - 4:30pm Thursday 8:30am - 4:30pm Friday 8:30am - 4:30pm Saturday Closed Sunday Closed"
"hearinglife.ca","https://www.hearinglife.ca/Centers/british-columbia/north-vancouver","North Vancouver - Hearing Centre ","1803 Lonsdale Ave","North Vancouver","British Columbia","V7M 2J8","CA","<MISSING>","1-888-440-7138","<MISSING>","49.32621","-123.07217","Monday 8:30am - 4:30pm Tuesday 8:30am - 4:30pm Wednesday 8:30am - 4:30pm Thursday 8:30am - 4:30pm Friday 8:30am - 4:30pm Saturday Closed Sunday Closed"
"hearinglife.ca","https://www.hearinglife.ca/Centers/british-columbia/north-vancouver-lonsdale","North Vancouver Lonsdale - Hearing Centre","1133 Lonsdale Ave #201","North Vancouver","British Columbia","V7M 2J8","CA","<MISSING>","1-833-319-5309","<MISSING>","49.31853","-123.07289","Monday 8:30am - 4:30pm Tuesday 8:30am - 4:30pm Wednesday 8:30am - 4:30pm Thursday 8:30am - 4:30pm Friday 8:30am - 4:30pm Saturday Closed Sunday Closed"
"hearinglife.ca","https://www.hearinglife.ca/Centers/british-columbia/penticton","Penticton - Hearing Centre ","2210 Main Street (Inside Superstore Complex)","Penticton","British Columbia","V2A 5H8","CA","<MISSING>","1-888-844-5388","<MISSING>","49.4732124","-119.5813983","Monday 9:00am - 3:00pm Tuesday 9:00am - 3:00pm Wednesday 9:00am - 3:00pm Thursday 9:00am - 3:00pm Friday 9:00am - 3:00pm Saturday Closed Sunday Closed"
"hearinglife.ca","https://www.hearinglife.ca/Centers/british-columbia/prince-george","Prince George - Hearing Centre ","1600 15th Avenue","Prince George","British Columbia","V2L 3X3","CA","<MISSING>","1-888-850-2067","<MISSING>","53.9104015","-122.7606978","Monday 8:30am - 4:30pm Tuesday 8:30am - 4:30pm Wednesday 8:30am - 4:30pm Thursday 8:30am - 4:30pm Friday 8:30am - 4:30pm Saturday Closed Sunday Closed"
"hearinglife.ca","https://www.hearinglife.ca/Centers/british-columbia/revelstoke","Revelstoke - Hearing Centre ","305 1st Street West","Revelstoke","British Columbia","V0E 2S0","CA","<MISSING>","1-888-815-7116","<MISSING>","50.9999886","-118.1975111","Monday 8:30am - 4:30pm Tuesday 8:30am - 4:30pm Wednesday 8:30am - 4:30pm Thursday 8:30am - 4:30pm Friday Closed Saturday Closed Sunday Closed"
"hearinglife.ca","https://www.hearinglife.ca/Centers/british-columbia/salmon-arm","Salmon Arm - Hearing Centre ","251 Trans Canada Highway NW","Salmon Arm","British Columbia","V1E 3B8","CA","<MISSING>","1-888-813-5003","<MISSING>","50.701247","-119.281427","Monday 8:30am - 4:30pm Tuesday 8:30am - 4:30pm Wednesday 8:30am - 4:30pm Thursday 8:30am - 4:30pm Friday 8:30am - 4:30pm Saturday Closed Sunday Closed"
"hearinglife.ca","https://www.hearinglife.ca/Centers/british-columbia/sidney","Sidney","201-2537 Beacon Avenue","Sidney","British Columbia","V8L 1Y3","CA","<MISSING>","1-888-443-9361","<MISSING>","48.648895","-123.394596","Monday 8:30am - 4:30pm Tuesday 8:30am - 4:30pm Wednesday 8:30am - 4:30pm Thursday 8:30am - 4:30pm Friday 8:30am - 4:30pm Saturday Closed Sunday Closed"
"hearinglife.ca","https://www.hearinglife.ca/Centers/british-columbia/sorrento","Sorrento - Hearing Centre ","6-1257 Trans Canada Highway","Sorrento","British Columbia","V0E 2W0","CA","<MISSING>","1-888-348-2747","<MISSING>","50.8772175","-119.467226","Monday Closed Tuesday Closed Wednesday 8:30am - 4:30pm Thursday Closed Friday Closed Saturday Closed Sunday Closed"
"hearinglife.ca","https://www.hearinglife.ca/Centers/british-columbia/vanderhoof","Vanderhoof","188 East Stewart","Vanderhoof","British Columbia","V0J 3A0","CA","<MISSING>","1-888-277-7875","<MISSING>","54.0154668","-124.0070661","Monday Closed Tuesday Closed Wednesday Closed Thursday 9:00am - 3:00pm Friday Closed Saturday Closed Sunday Closed"
"hearinglife.ca","https://www.hearinglife.ca/Centers/british-columbia/vernon","Vernon - Hearing Centre ","3100 - 35th Street","Vernon","British Columbia","V1T 9H4","CA","<MISSING>","1-888-379-2292","<MISSING>","50.2649366","-119.27953","Monday 8:30am - 4:30pm Tuesday 8:30am - 4:30pm Wednesday 8:30am - 4:30pm Thursday 8:30am - 4:30pm Friday 8:30am - 4:30pm Saturday Closed Sunday Closed"
"hearinglife.ca","https://www.hearinglife.ca/Centers/british-columbia/victoria-hillside-centre","Victoria - Hillside Centre - Hearing Centre ","1644 Hillside Avenue","Victoria","British Columbia","V8T 2C5","CA","<MISSING>","1-888-439-6279","<MISSING>","48.4461351","-123.3359082","Monday 9:30am - 5:30pm Tuesday 9:30am - 5:30pm Wednesday 9:30am - 5:30pm Thursday 9:30am - 5:30pm Friday 9:30am - 5:30pm Saturday 9:30am - 5:30pm Sunday Closed"
"hearinglife.ca","https://www.hearinglife.ca/Centers/british-columbia/victoria-saanich","Victoria - Saanich - Hearing Centre ","3560 Blanshard Street","Victoria","British Columbia","V8X 1W3","CA","<MISSING>","1-888-442-9323","<MISSING>","48.4573899","-123.3764964","Monday 8:30am - 4:30pm Tuesday Closed Wednesday Closed Thursday 8:30am - 4:30pm Friday 8:30am - 4:30pm Saturday Closed Sunday Closed"
"hearinglife.ca","https://www.hearinglife.ca/Centers/british-columbia/white-rock","White Rock - Hearing Centre ","1479 Johnston Road","White Rock","British Columbia","V4B 3Z4","CA","<MISSING>","1-888-446-4894","<MISSING>","49.028967","-122.8013783","Monday 8:30am - 4:30pm Tuesday 8:30am - 4:30pm Wednesday 8:30am - 4:30pm Thursday 8:30am - 4:30pm Friday 8:30am - 4:30pm Saturday Closed Sunday Closed"
"hearinglife.ca","https://www.hearinglife.ca/Centers/Manitoba/brandon","Brandon - Hearing Centre ","714 18 Street","Brandon","Manitoba","R7A 5B5","CA","<MISSING>","1-888-439-0985","<MISSING>","49.8385829","-99.962349","Monday 8:30am - 4:30pm Tuesday 8:30am - 4:30pm Wednesday 8:30am - 4:30pm Thursday 8:30am - 4:30pm Friday 8:30am - 4:30pm Saturday Closed Sunday Closed"
"hearinglife.ca","https://www.hearinglife.ca/Centers/Manitoba/dauphin","Dauphin - Hearing Centre ","28 4 Avenue Northeast","Dauphin","Manitoba","R7N 0C8","CA","<MISSING>","204-638-5836","<MISSING>","51.151477","-100.0479564","Monday 8:30am - 4:30pm Tuesday 8:30am - 4:30pm Wednesday 8:30am - 4:30pm Thursday 8:30am - 4:30pm Friday 8:30am - 4:30pm Saturday Closed Sunday Closed"
"hearinglife.ca","https://www.hearinglife.ca/Centers/Manitoba/portage-la-prairie","Portage la Prairie - Hearing Centre ","306 Saskatchewan Avenue East","Portage La Prairie","Manitoba","R1N 0K8","CA","<MISSING>","1-888-442-8514","<MISSING>","49.9729311","-98.2852361","Monday 8:30am - 4:30pm Tuesday 8:30am - 4:30pm Wednesday 8:30am - 4:30pm Thursday 8:30am - 4:30pm Friday Closed Saturday Closed Sunday Closed"
"hearinglife.ca","https://www.hearinglife.ca/Centers/Manitoba/swan-river","Swan River - Hearing Centre ","2A-355 Kelsey Trail","Swan River","Manitoba","R0L 1Z0","CA","<MISSING>","204-734-7063","<MISSING>","52.1127883","-101.2525487","Monday Closed Tuesday 8:30am - 4:30pm Wednesday 8:30am - 4:30pm Thursday 8:30am - 4:30pm Friday Closed Saturday Closed Sunday Closed"
"hearinglife.ca","https://www.hearinglife.ca/Centers/Manitoba/winkler","Winkler - Hearing Centre ","385 Main Street","Winkler","Manitoba","R6W 1J2","CA","<MISSING>","1-888-446-5043","<MISSING>","49.183071","-97.938464","Monday 9:00am - 5:00pm Tuesday 9:00am - 5:00pm Wednesday 9:00am - 5:00pm Thursday 9:00am - 5:00pm Friday 9:00am - 5:00pm Saturday Closed Sunday Closed"
"hearinglife.ca","https://www.hearinglife.ca/Centers/Manitoba/winnipeg","Winnipeg - Hearing Centre ","1510 St. Mary's Road","Winnipeg","Manitoba","R2M 3V7","CA","<MISSING>","1-888-705-6885","<MISSING>","49.824908","-97.114726","Monday 8:30am - 4:30pm Tuesday 8:30am - 4:30pm Wednesday 8:30am - 4:30pm Thursday 8:30am - 4:30pm Friday 8:30am - 4:30pm Saturday Closed Sunday Closed"
"hearinglife.ca","https://www.hearinglife.ca/Centers/Manitoba/winnipeg-st-boniface","Winnipeg St. Boniface Hospital - Hearing Centre ","55A Goulet Street","Winnipeg","Manitoba","R2H 0R5","CA","<MISSING>","1-888-446-5048","<MISSING>","49.8816384","-97.1256738","Monday 8:30am - 4:30pm Tuesday 8:30am - 4:30pm Wednesday 8:30am - 4:30pm Thursday 8:30am - 4:30pm Friday 8:30am - 4:30pm Saturday Closed Sunday Closed"
"hearinglife.ca","https://www.hearinglife.ca/Centers/Manitoba/winnipeg-st-james","Winnipeg St. James - Hearing Centre ","2727 Portage Avenue","Winnipeg","Manitoba","R3J 0R2","CA","<MISSING>","1-888-446-5749","<MISSING>","49.8786746","-97.2726793","Monday 8:30am - 4:30pm Tuesday 8:30am - 4:30pm Wednesday 8:30am - 4:30pm Thursday 8:30am - 4:30pm Friday 8:30am - 4:30pm Saturday Closed Sunday Closed"
"hearinglife.ca","https://www.hearinglife.ca/Centers/nova-scotia/glace-bay","Glace Bay - Hearing Centre ","4 Sterling Road, Unit B","Glace Bay","Nova Scotia","B1A 3X3","CA","<MISSING>","1-888-732-0467","<MISSING>","46.2013589","-59.957395","Monday 8:30am - 4:30pm Tuesday 8:30am - 4:30pm Wednesday 8:30am - 4:30pm Thursday Closed Friday Closed Saturday Closed Sunday Closed"
"hearinglife.ca","https://www.hearinglife.ca/Centers/nova-scotia/sydney","Sydney - Hearing Centre ","173 Esplanade Street","Sydney","Nova Scotia","B1P 6H2","CA","<MISSING>","1-888-445-7692","<MISSING>","46.1410216","-60.1967388","Monday 8:30am - 4:30pm Tuesday 8:30am - 4:30pm Wednesday 8:30am - 4:30pm Thursday 8:30am - 4:30pm Friday 8:30am - 4:30pm Saturday Closed Sunday Closed"
"hearinglife.ca","https://www.hearinglife.ca/Centers/nova-scotia/sydney-kings-road","Sydney - Kings Road - Hearing Centre ","336 Kings Road","Sydney","Nova Scotia","B1S 1A9","CA","<MISSING>","1-855-771-2031","<MISSING>","46.1253674","-60.1999462","Monday 8:00am - 4:00pm Tuesday 8:00am - 4:00pm Wednesday 8:00am - 4:00pm Thursday 8:00am - 4:00pm Friday 8:00am - 4:00pm"
"hearinglife.ca","https://www.hearinglife.ca/Centers/Ontario/acton","Acton Hearing Centre ","31 Mill Street East","Acton","Ontario","L7J 1H1","CA","<MISSING>","1-866-242-9316","<MISSING>","43.6306892","-80.042779","Monday 9:00am - 3:00pm Tuesday Closed Wednesday 9:00am - 3:00pm Thursday Closed Friday Closed"
"hearinglife.ca","https://www.hearinglife.ca/Centers/Ontario/ajax","Ajax - Hearing Centre","235 Bayly Street West","Ajax","Ontario","L1S 3K3","CA","<MISSING>","1-888-437-8829","<MISSING>","43.8414208","-79.0263672","Monday 9:00am - 5:00pm Tuesday 9:00am - 5:00pm Wednesday 9:00am - 5:00pm Thursday 9:00am - 5:00pm Friday 9:00am - 5:00pm Saturday Closed Sunday Closed"
"hearinglife.ca","https://www.hearinglife.ca/Centers/Ontario/alliston","Alliston - Hearing Centre","24-180 Parsons Rd","Alliston","Ontario","L9R 1E8","CA","<MISSING>","1-888-290-3055","<MISSING>","44.1496328","-79.8570998","Monday 8:00am - 4:00pm Tuesday 8:00am - 4:00pm Wednesday 8:00am - 4:00pm Thursday 8:00am - 4:00pm Friday 8:00am - 4:00pm Saturday Closed Sunday Closed"
"hearinglife.ca","https://www.hearinglife.ca/Centers/Ontario/ancaster","Ancaster - Hearing Centre","15-67 Wilson St West","Ancaster","Ontario","L9G 1N1","CA","<MISSING>","1-855-766-7884","<MISSING>","43.216648","-79.989548","Monday Closed Tuesday Closed Wednesday Closed Thursday 9:00am - 5:00pm Friday 9:00am - 5:00pm Saturday Closed Sunday Closed"
"hearinglife.ca","https://www.hearinglife.ca/Centers/Ontario/arnprior","Arnprior - Hearing Centre","105A - 39 Winners Circle Drive","Arnprior","Ontario","K7S 3G9","CA","<MISSING>","1-855-796-2607","<MISSING>","45.421772","-76.369484","Monday 8:00am - 4:00pm Tuesday 8:00am - 4:00pm Wednesday 8:00am - 4:00pm Thursday 8:00am - 4:00pm Friday 8:00am - 4:00pm Saturday Closed Sunday Closed"
"hearinglife.ca","https://www.hearinglife.ca/Centers/Ontario/aurora","Aurora - Hearing Centre","15461 Yonge Street","Aurora","Ontario","L4G 1P3","CA","<MISSING>","1-888-437-8951","<MISSING>","44.0053149","-79.468411","Monday 8:00am - 5:30pm Tuesday 8:00am - 5:30pm Wednesday 8:00am - 5:30pm Thursday 8:00am - 5:30pm Friday 9:00am - 5:00pm Saturday Closed Sunday Closed"
"hearinglife.ca","https://www.hearinglife.ca/Centers/Ontario/barrie","Barrie - Hearing Centre","101-5 Quarry Ridge Road Phase 2","Barrie","Ontario","L4M 7G1","CA","<MISSING>","1-888-437-9818","<MISSING>","44.4158257","-79.6579293","Monday 8:30am - 4:30pm Tuesday 8:30am - 4:30pm Wednesday 8:30am - 4:30pm Thursday 8:30am - 4:30pm Friday 8:30am - 4:30pm Saturday Closed Sunday Closed"
"hearinglife.ca","https://www.hearinglife.ca/Centers/Ontario/barrie-south","Barrie South - Hearing Centre","201 Hurst Drive","Barrie South","Ontario","L4N 8K8","CA","<MISSING>","1-888-437-9869","<MISSING>","44.3656789","-79.649857","Monday 9:00am - 3:00pm Tuesday 9:00am - 3:00pm Wednesday 9:00am - 3:00pm Thursday 9:00am - 3:00pm Friday 9:00am - 3:00pm Saturday Closed Sunday Closed"
"hearinglife.ca","https://www.hearinglife.ca/Centers/Ontario/belleville","Belleville - Hearing Centre","102-210 Dundas Street East","Belleville","Ontario","K8N 5G8","CA","<MISSING>","1-888-439-0157","<MISSING>","44.1631981","-77.3693785","Monday 8:30am - 4:30pm Tuesday 8:30am - 4:30pm Wednesday 8:30am - 4:30pm Thursday 8:30am - 4:30pm Friday 8:30am - 4:30pm Saturday Closed Sunday Closed"
"hearinglife.ca","https://www.hearinglife.ca/Centers/Ontario/blind-river","Blind River - Hearing Centre","1E-105 Causley Street","Blind River","Ontario","P0R 1B0","CA","<MISSING>","1-855-773-4578","<MISSING>","46.18387","-82.94932","Monday 8:00am - 4:00pm Tuesday 8:00am - 4:00pm Wednesday 8:00am - 4:00pm Thursday 8:00am - 4:00pm Friday 8:00am - 4:00pm Saturday Closed Sunday Closed"
"hearinglife.ca","https://www.hearinglife.ca/Centers/Ontario/bloor-west-village","Bloor West Village - Hearing Centre","2390 Bloor Street West","Toronto","Ontario","M6S 1P5","CA","<MISSING>","1-888-439-0266","<MISSING>","43.650004","-79.4826384","Monday 9:00am - 5:00pm Tuesday 9:00am - 5:00pm Wednesday 9:00am - 5:00pm Thursday 9:00am - 5:00pm Friday 9:00am - 5:00pm Saturday Closed Sunday Closed"
"hearinglife.ca","https://www.hearinglife.ca/Centers/Ontario/bolton","Bolton - Hearing Centre","316 Queen St.S","Bolton","Ontario","L7E 4Z9","CA","<MISSING>","1-888-287-9174","<MISSING>","43.8735679","-79.7298104","Monday 9:00am - 5:00pm Tuesday Closed Wednesday Closed Thursday 9:00am - 5:00pm Friday 8:00am - 4:00pm Saturday Closed Sunday Closed"
"hearinglife.ca","https://www.hearinglife.ca/Centers/Ontario/bowmanville","Bowmanville - Hearing Centre","133 King Street East","Bowmanville","Ontario","L1C 1N6","CA","<MISSING>","1-866-468-3369","<MISSING>","43.91052","-78.68394","Monday 8:30am - 4:30pm Tuesday 8:30am - 4:30pm Wednesday 8:30am - 4:30pm Thursday 8:30am - 4:30pm Friday 8:30am - 4:30pm Saturday Closed Sunday Closed"
"hearinglife.ca","https://www.hearinglife.ca/Centers/Ontario/bradford","Bradford - Hearing Centre","61 Holland Street West","Bradford","Ontario","L3Z 2B1","CA","<MISSING>","1-888-290-6236","<MISSING>","44.1140006","-79.5667698","Monday 8:00am - 4:00pm Tuesday 8:00am - 4:00pm Wednesday 8:00am - 4:00pm Thursday Closed Friday 8:00am - 4:00pm Saturday Closed Sunday Closed"
"hearinglife.ca","https://www.hearinglife.ca/Centers/Ontario/brampton","Brampton - Hearing Centre","7980 Kennedy Road South","Brampton","Ontario","L6W 0B2","CA","<MISSING>","1-888-439-0282","<MISSING>","43.6746361","-79.7226064","Monday 8:00am - 4:00pm Tuesday 8:00am - 4:00pm Wednesday 8:00am - 4:00pm Thursday 8:00am - 4:00pm Friday 8:00am - 4:00pm Saturday Closed Sunday Closed"
"hearinglife.ca","https://www.hearinglife.ca/Centers/Ontario/brampton-north-suite-108","Brampton North","108-2250 Bovaird Drive East","Brampton","Ontario","L6R 0W3","CA","<MISSING>","1-888-439-0840","<MISSING>","43.7508147","-79.7393151","Monday 8:00am - 4:00pm Tuesday 8:00am - 4:00pm Wednesday 8:00am - 4:00pm Thursday 8:00am - 4:00pm Friday 8:00am - 4:00pm Saturday Closed Sunday Closed"
"hearinglife.ca","https://www.hearinglife.ca/Centers/Ontario/brantford","Brantford - Hearing Centre","422 Grey Street","Brantford","Ontario","N3S 4X8","CA","<MISSING>","1-888-439-0995","<MISSING>","43.1479427","-80.2360907","Monday 9:00am - 5:00pm Tuesday 9:00am - 5:00pm Wednesday 9:00am - 5:00pm Thursday 9:00am - 5:00pm Friday 9:00am - 5:00pm Saturday Closed Sunday Closed"
"hearinglife.ca","https://www.hearinglife.ca/Centers/Ontario/brockville","Brockville - Hearing Centre","68 William Street","Brockville","Ontario","K6V 4V5","CA","<MISSING>","1-888-403-5917","<MISSING>","44.5924284","-75.6889393","Monday 9:00am - 4:30pm Tuesday 9:00am - 4:30pm Wednesday 9:00am - 4:30pm Thursday 9:00am - 4:30pm Friday 9:00am - 4:30pm Saturday Closed Sunday Closed"
"hearinglife.ca","https://www.hearinglife.ca/Centers/Ontario/burlington","Burlington - Hearing Centre","1435 Plains Road East","Burlington","Ontario","L7R 3P9","CA","<MISSING>","1-888-439-1205","<MISSING>","43.3378676","-79.8180694","Monday 9:00am - 5:00pm Tuesday 9:00am - 5:00pm Wednesday 9:00am - 5:00pm Thursday 9:00am - 5:00pm Friday 9:00am - 5:00pm Saturday Closed Sunday Closed"
"hearinglife.ca","https://www.hearinglife.ca/Centers/Ontario/cambridge","Cambridge - Hearing Centre","1 Hespeler Road","Cambridge","Ontario","N1R 8L4","CA","<MISSING>","1-888-439-1262","<MISSING>","43.3741809","-80.3180966","Monday 8:30am - 4:30pm Tuesday 8:30am - 4:30pm Wednesday 8:30am - 4:30pm Thursday 8:30am - 4:30pm Friday 8:30am - 4:30pm Saturday Closed Sunday Closed"
"hearinglife.ca","https://www.hearinglife.ca/Centers/Ontario/cambridge-st-andrews","Cambridge St. Andrews - Hearing Centre","190 St. Andrews Street","Cambridge","Ontario","N1S 1N5","CA","<MISSING>","1-888-439-1346","<MISSING>","43.3498497","-80.3261278","Monday 8:30am - 4:30pm Tuesday 8:30am - 4:30pm Wednesday 8:30am - 4:30pm Thursday 8:30am - 4:30pm Friday 8:30am - 4:30pm Saturday Closed Sunday Closed"
"hearinglife.ca","https://www.hearinglife.ca/Centers/Ontario/carleton-place","Carleton Place - Hearing Centre","130 Lansdowne Avenue","Carleton Place","Ontario","K7C 2T7","CA","<MISSING>","1-888-439-1814","<MISSING>","45.1337446","-76.1382571","Monday 9:00am - 4:30pm Tuesday 9:00am - 4:30pm Wednesday 9:00am - 4:30pm Thursday 9:00am - 4:30pm Friday 9:00am - 4:30pm Saturday Closed Sunday Closed"
"hearinglife.ca","https://www.hearinglife.ca/Centers/Ontario/chatham","Chatham - Hearing Centre","42 Grand Avenue West","Chatham","Ontario","N7L 1B5","CA","<MISSING>","1-888-439-1852","<MISSING>","42.4069305","-82.1925431","Monday 8:30am - 4:30pm Tuesday 8:30am - 4:30pm Wednesday 8:30am - 4:30pm Thursday 8:30am - 4:30pm Friday 8:30am - 4:30pm Saturday Closed Sunday Closed"
"hearinglife.ca","https://www.hearinglife.ca/Centers/Ontario/clinton","Clinton - Hearing Centre","89 Albert Street","Clinton","Ontario","N0M 1L0","CA","<MISSING>","1-888-439-2192","<MISSING>","43.6196","-81.53932","Monday 9:00am - 5:00pm Tuesday 9:00am - 5:00pm Wednesday 9:00am - 5:00pm Thursday 9:00am - 5:00pm Friday 9:00am - 5:00pm Saturday Closed Sunday Closed"
"hearinglife.ca","https://www.hearinglife.ca/Centers/Ontario/cobourg","Cobourg - Hearing Centre","6C-9 Elgin Street East","Cobourg","Ontario","K9A 0C5","CA","<MISSING>","1-866-981-2238","<MISSING>","43.97705","-78.17159","Monday 8:30am - 4:30pm Tuesday 8:30am - 4:30pm Wednesday 8:30am - 4:30pm Thursday 8:30am - 4:30pm Friday 8:30am - 4:30pm Saturday Closed Sunday Closed"
"hearinglife.ca","https://www.hearinglife.ca/Centers/Ontario/collingwood","Collingwood - Hearing Centre","206-186 Erie Street","Collingwood","Ontario","L9Y 4T3","CA","<MISSING>","1-888-439-2216","<MISSING>","44.5011035","-80.2052908","Monday 8:30am - 4:30pm Tuesday 8:30am - 4:30pm Wednesday 8:30am - 4:30pm Thursday 8:30am - 4:30pm Friday 8:30am - 4:30pm Saturday Closed Sunday Closed"
"hearinglife.ca","https://www.hearinglife.ca/Centers/Ontario/collingwood-hearing-sciences","Collingwood - Hearing Sciences - Hearing Centre","202-1 Huron Street","Collingwood","Ontario","L9Y 1C3","CA","<MISSING>","1-888-291-4759","<MISSING>","44.5031979","-80.2169761","Monday 8:30am - 4:30pm Tuesday 8:30am - 4:30pm Wednesday 8:30am - 4:30pm Thursday 8:30am - 4:30pm Friday 8:30am - 4:30pm Saturday Closed Sunday Closed"
"hearinglife.ca","https://www.hearinglife.ca/Centers/Ontario/cornwall","Cornwall - Hearing Centre","108-31 Ninth Street East","Cornwall","Ontario","K6H 6R3","CA","<MISSING>","1-888-439-2260","<MISSING>","45.0304451","-74.734965","Monday 8:00am - 4:00pm Tuesday 8:00am - 4:00pm Wednesday 8:00am - 4:00pm Thursday 8:00am - 4:00pm Friday 8:00am - 4:00pm Saturday Closed Sunday Closed"
"hearinglife.ca","https://www.hearinglife.ca/Centers/Ontario/danforth","Danforth - Hearing Centre","2652 Danforth Avenue","Toronto","Ontario","M4C 1L7","CA","<MISSING>","1-888-439-2306","<MISSING>","43.6887805","-79.2995942","Monday 8:00am - 4:00pm Tuesday 8:00am - 4:00pm Wednesday 8:00am - 4:00pm Thursday 8:00am - 4:00pm Friday 8:00am - 4:00pm Saturday Closed Sunday Closed"
"hearinglife.ca","https://www.hearinglife.ca/Centers/Ontario/don-mills","Don Mills - Hearing Centre","103-1262 Don Mills Road","Toronto","Ontario","M3B 2W7","CA","<MISSING>","1-888-439-2379","<MISSING>","43.7447367","-79.3457069","Monday 9:00am - 5:00pm Tuesday 9:00am - 5:00pm Wednesday 9:00am - 5:00pm Thursday 9:00am - 5:00pm Friday 9:00am - 5:00pm Saturday Closed Sunday Closed"
"hearinglife.ca","https://www.hearinglife.ca/Centers/Ontario/downsview","Downsview - Hearing Centre","951 Wilson Avenue, Unit 16-1C","North York","Ontario","M3K 2A7","CA","<MISSING>","1-888-705-6899","<MISSING>","43.7284311","-79.4757434","Monday 9:00am - 5:00pm Tuesday 9:00am - 5:00pm Wednesday 9:00am - 5:00pm Thursday Closed Friday Closed Saturday Closed Sunday Closed"
"hearinglife.ca","https://www.hearinglife.ca/Centers/Ontario/dufferin","Dufferin - Hearing Centre","2700 Dufferin Street","Toronto","Ontario","M6B 4J3","CA","<MISSING>","1-888-439-3072","<MISSING>","43.7017509","-79.4532117","Monday 9:00am - 5:00pm Tuesday 9:00am - 5:00pm Wednesday 9:00am - 5:00pm Thursday 9:00am - 5:00pm Friday 9:00am - 5:00pm Saturday Closed Sunday Closed"
"hearinglife.ca","https://www.hearinglife.ca/Centers/Ontario/dundas","Dundas - University Plaza - Hearing Centre","8A - 119 Osler Drive","Dundas","Ontario","L9H 6X4","CA","<MISSING>","1-888-439-6126","<MISSING>","43.25849","-79.94142","Monday 9:00am - 5:00pm Tuesday 9:00am - 5:00pm Wednesday 9:00am - 5:00pm Thursday 9:00am - 5:00pm Friday Closed Saturday Closed Sunday Closed"
"hearinglife.ca","https://www.hearinglife.ca/Centers/Ontario/dunnville","Dunnville - Hearing Centre","657 Lock Street West","Dunnville","Ontario","N1A 1V9","CA","<MISSING>","1-888-429-0950","<MISSING>","42.9080873","-79.634098","Monday Closed Tuesday 8:30am - 4:30pm Wednesday 8:30am - 4:30pm Thursday Closed Friday Closed Saturday Closed Sunday Closed"
"hearinglife.ca","https://www.hearinglife.ca/Centers/Ontario/dutton","Dutton - Hearing Centre","156 Currie Road","Dutton","Ontario","N0L 1J0","CA","<MISSING>","1-888-445-1409","<MISSING>","42.6627394","-81.5014695","Monday Closed Tuesday Closed Wednesday 9:00am - 5:00pm Thursday Closed Friday Closed Saturday Closed Sunday Closed"
"hearinglife.ca","https://www.hearinglife.ca/Centers/Ontario/elliot-lake","Elliot Lake - Hearing Centre","8 Brunswick Walk","Elliot Lake","Ontario","P5A 2A8","CA","<MISSING>","1-855-783-2573 ","<MISSING>","46.38291","-82.64385","Monday 8:00am - 4:00pm Tuesday 8:00am - 4:00pm Wednesday 8:00am - 4:00pm Thursday 8:00am - 4:00pm Friday 8:00am - 4:00pm Saturday Closed Sunday Closed"
"hearinglife.ca","https://www.hearinglife.ca/Centers/Ontario/etobicoke","Etobicoke - Hearing Centre","201-135 Queens Plate Drive","Toronto","Ontario","M9W 6V1","CA","<MISSING>","1-866-484-1058","<MISSING>","43.7168511","-79.5941105","Monday 9:00am - 5:00pm Tuesday 9:00am - 5:00pm Wednesday 9:00am - 5:00pm Thursday 9:00am - 5:00pm Friday 9:00am - 5:00pm Saturday Sunday"
"hearinglife.ca","https://www.hearinglife.ca/Centers/Ontario/etobicoke-new-toronto","Etobicoke - New Toronto - Hearing Centre","2905 Lake Shore Boulevard West","Toronto","Ontario","M8V 1J3","CA","<MISSING>","1-855-798-7836","<MISSING>","43.600712","-79.504539","Monday 9:00am - 5:00pm Tuesday 9:00am - 5:00pm Wednesday 9:00am - 5:00pm Thursday 9:00am - 5:00pm Friday 9:00am - 5:00pm Saturday Closed Sunday Closed"
"hearinglife.ca","https://www.hearinglife.ca/Centers/Ontario/exeter","Exeter - Hearing Centre","281 Main Street South","Exeter","Ontario","N0M 1S3","CA","<MISSING>","1-888-439-3176","<MISSING>","43.3488176","-81.481053","Monday 9:00am - 5:00pm Tuesday 9:00am - 5:00pm Wednesday 9:00am - 5:00pm Thursday 9:00am - 5:00pm Friday 9:00am - 5:00pm Saturday Closed Sunday Closed"
"hearinglife.ca","https://www.hearinglife.ca/Centers/Ontario/fergus","Fergus - Hearing Centre","100 McQueen Boulevard","Fergus","Ontario","N1M 3T8","CA","<MISSING>","1-888-845-9678","<MISSING>","43.6972294","-80.366263","Monday Closed Tuesday 9:00am - 3:00pm Wednesday Closed Thursday 9:00am - 3:00pm Friday Closed Saturday Closed Sunday Closed"
"hearinglife.ca","https://www.hearinglife.ca/Centers/Ontario/fort-erie","Fort Erie - Hearing Centre","238 Bertie Street","Fort Erie","Ontario","L2A 1Z3","CA","<MISSING>","1-888-439-4189","<MISSING>","42.9128746","-78.9255826","Monday 9:00am - 3:00pm Tuesday 9:00am - 3:00pm Wednesday 9:00am - 3:00pm Thursday 9:00am - 3:00pm Friday 9:00am - 3:00pm Saturday Closed Sunday Closed"
"hearinglife.ca","https://www.hearinglife.ca/Centers/Ontario/georgetown","Georgetown - Hearing Centre","324 Guelph Street","Georgetown","Ontario","L7G 4B5","CA","<MISSING>","1-888-439-4219","<MISSING>","43.6495343","-79.8897716","Monday 8:00am - 4:00pm Tuesday 8:00am - 4:00pm Wednesday 8:00am - 4:00pm Thursday 8:00am - 4:00pm Friday 8:00am - 4:00pm Saturday Closed Sunday Closed"
"hearinglife.ca","https://www.hearinglife.ca/Centers/Ontario/goderich","Goderich - Hearing Centre","394 Huron Road","Goderich","Ontario","N7A 3A5","CA","<MISSING>","1-888-439-5035","<MISSING>","43.7329764","-81.6942886","Monday 9:00am - 5:00pm Tuesday 9:00am - 5:00pm Wednesday 9:00am - 5:00pm Thursday 9:00am - 5:00pm Friday 9:00am - 5:00pm Saturday Closed Sunday Closed"
"hearinglife.ca","https://www.hearinglife.ca/Centers/Ontario/grimsby","Grimsby - Hearing Centre","63 Main Street West","Grimsby","Ontario","L3M 4H1","CA","<MISSING>","1-888-439-5302","<MISSING>","43.193711","-79.5638167","Monday 9:00am - 5:00pm Tuesday 9:00am - 5:00pm Wednesday 9:00am - 5:00pm Thursday 9:00am - 5:00pm Friday 9:00am - 5:00pm Saturday Closed Sunday Closed"
"hearinglife.ca","https://www.hearinglife.ca/Centers/Ontario/guelph","Guelph - Hearing Centre","2-690 Woolwich Street","Guelph","Ontario","N1H 3Z1","CA","<MISSING>","1-888-439-5835","<MISSING>","43.5605906","-80.2717124","Monday 8:00am - 4:00pm Tuesday 8:00am - 4:00pm Wednesday 8:00am - 4:00pm Thursday 8:00am - 4:00pm Friday 8:00am - 4:00pm Saturday Closed Sunday Closed"
"hearinglife.ca","https://www.hearinglife.ca/Centers/Ontario/hagersville","Hagersville - Hearing Centre","75 Parkview Road","Hagersville","Ontario","N0A 1H0","CA","<MISSING>","1-888-441-9506","<MISSING>","42.9584936","-80.0446861","Monday Closed Tuesday 9:00am - 5:00pm Wednesday 9:00am - 5:00pm Thursday Closed Friday Closed Saturday Closed Sunday Closed"
"hearinglife.ca","https://www.hearinglife.ca/Centers/Ontario/hamilton-downtown","Hamilton Downtown - Hearing Centre","402-25 Charlton Avenue East","Hamilton","Ontario","L8N 1Y2","CA","<MISSING>","1-888-439-6074","<MISSING>","43.2498206","-79.871163","Monday 8:30am - 4:30pm Tuesday 8:30am - 4:30pm Wednesday 8:30am - 4:30pm Thursday 8:30am - 4:30pm Friday Closed Saturday Closed Sunday Closed"
"hearinglife.ca","https://www.hearinglife.ca/Centers/Ontario/hamilton-mountain","Hamilton Mountain - Hearing Centre","880 Upper Wentworth Street","Hamilton","Ontario","L9A 5H2","CA","<MISSING>","1-888-439-6094","<MISSING>","43.2212135","-79.8636064","Monday 9:00am - 5:00pm Tuesday 9:00am - 5:00pm Wednesday 9:00am - 5:00pm Thursday 9:00am - 5:00pm Friday 9:00am - 5:00pm Saturday Closed Sunday Closed"
"hearinglife.ca","https://www.hearinglife.ca/Centers/Ontario/hanover","Hanover - Hearing Centre","732 10th Street","Hanover","Ontario","N4N 1S2","CA","<MISSING>","1-888-772-1380","<MISSING>","44.1549925","-81.0116401","Monday 9:00am - 5:00pm Tuesday 9:00am - 5:00pm Wednesday 9:00am - 5:00pm Thursday 9:00am - 5:00pm Friday 9:00am - 5:00pm Saturday Closed Sunday Closed"
"hearinglife.ca","https://www.hearinglife.ca/Centers/Ontario/huntsville","Huntsville - Hearing Centre","48 King William Street","Huntsville","Ontario","P1H 1G3","CA","<MISSING>","1-888-439-6336","<MISSING>","45.3326289","-79.2082114","Monday 8:30am - 4:30pm Tuesday 8:30am - 4:30pm Wednesday 8:30am - 4:30pm Thursday 8:30am - 4:30pm Friday 8:30am - 4:30pm Saturday Closed Sunday Closed"
"hearinglife.ca","https://www.hearinglife.ca/Centers/Ontario/ingersoll","Ingersoll - Hearing Centre","120 Thames Street North","Ingersoll","Ontario","N5C 4B1","CA","<MISSING>","1-888-819-2645","<MISSING>","43.0426713","-80.8868491","Monday 9:00am - 5:00pm Tuesday 9:00am - 5:00pm Wednesday 9:00am - 5:00pm Thursday 9:00am - 5:00pm Friday 9:00am - 5:00pm Saturday Closed Sunday Closed"
"hearinglife.ca","https://www.hearinglife.ca/Centers/Ontario/kemptville","Kemptville - Hearing Centre","2671 Concession Road","Kemptville","Ontario","K0G 1J0","CA","<MISSING>","1-888-439-6798","<MISSING>","45.0086179","-75.6429178","Monday 8:00am - 4:00pm Tuesday 8:00am - 4:00pm Wednesday 8:00am - 4:00pm Thursday 8:00am - 4:00pm Friday 8:00am - 4:00pm Saturday Closed Sunday Closed"
"hearinglife.ca","https://www.hearinglife.ca/Centers/Ontario/keswick","Keswick - Hearing Centre","7-24018 Woodbine Ave","Keswick","Ontario","L4P 3E9","CA","<MISSING>","1-888-439-6817","<MISSING>","44.2265551","-79.4482712","Monday 8:30am - 4:30pm Tuesday 8:30am - 4:30pm Wednesday 8:30am - 4:30pm Thursday 8:30am - 4:30pm Friday 8:30am - 4:30pm Saturday Closed Sunday Closed"
"hearinglife.ca","https://www.hearinglife.ca/Centers/Ontario/kingston-city","Kingston City - Hearing Centre","149 Brock Street","Kingston","Ontario","K7L 1S2","CA","<MISSING>","1-888-439-7017","<MISSING>","44.2312066","-76.4851238","Monday 8:00am - 4:00pm Tuesday 8:00am - 4:00pm Wednesday 8:00am - 4:00pm Thursday 8:00am - 4:00pm Friday 8:00am - 4:00pm Saturday Closed Sunday Closed"
"hearinglife.ca","https://www.hearinglife.ca/Centers/Ontario/kingston-township","Kingston Township - Hearing Centre","770 Blackburn Mews","Kingston","Ontario","K7P 2N7","CA","<MISSING>","1-888-439-7220","<MISSING>","44.2510624","-76.570479","Monday 8:00am - 4:00pm Tuesday 8:00am - 4:00pm Wednesday 8:00am - 4:00pm Thursday 8:00am - 4:00pm Friday 8:00am - 4:00pm Saturday Closed Sunday Closed"
"hearinglife.ca","https://www.hearinglife.ca/Centers/Ontario/kingsville","Kingsville - Hearing Centre","313 Main Street East","Kingsville","Ontario","N9Y 1A7","CA","<MISSING>","1-888-439-7260","<MISSING>","42.0384464","-82.7254711","Monday 8:30am - 4:30pm Tuesday 8:30am - 4:30pm Wednesday 8:30am - 4:30pm Thursday 8:30am - 4:30pm Friday 8:30am - 4:30pm Saturday Closed Sunday Closed"
"hearinglife.ca","https://www.hearinglife.ca/Centers/Ontario/kitchener","Kitchener - Hearing Centre","710 Belmont Avenue West","Kitchener","Ontario","N2M 1P3","CA","<MISSING>","1-888-439-7985","<MISSING>","43.45372","-80.51776","Monday 8:30am - 4:30pm Tuesday 8:30am - 4:30pm Wednesday 8:30am - 4:30pm Thursday 8:30am - 4:30pm Friday 8:30am - 4:30pm"
"hearinglife.ca","https://www.hearinglife.ca/Centers/Ontario/kitchener-fairway","Kitchener Fairway","16-500 Fairway Road South","Kitchener","Ontario","N2C 1X3","CA","<MISSING>","1-888-704-3312","<MISSING>","43.4210675","-80.4492623","Monday 8:30am - 4:30pm Tuesday 8:30am - 4:30pm Wednesday 8:30am - 4:30pm Thursday 8:30am - 4:30pm Friday 8:30am - 4:30pm Saturday Closed Sunday Closed"
"hearinglife.ca","https://www.hearinglife.ca/Centers/Ontario/lindsay","Lindsay - Hearing Centre","232 Kent Street West","Lindsay","Ontario","K9V 6A4","CA","<MISSING>","1-888-439-8091","<MISSING>","44.3534308","-78.7438844","Monday 8:30am - 4:30pm Tuesday 8:30am - 4:30pm Wednesday 8:30am - 4:30pm Thursday 8:30am - 4:30pm Friday Closed Saturday Closed Sunday Closed"
"hearinglife.ca","https://www.hearinglife.ca/Centers/Ontario/listowel","Listowel - Hearing Centre","300-1195 Wallace Avenue North","Listowel","Ontario","N4W 1M6","CA","<MISSING>","1-888-439-8144","<MISSING>","43.7455076","-80.9433473","Monday 9:00am - 5:00pm Tuesday 9:00am - 5:00pm Wednesday 9:00am - 5:00pm Thursday 9:00am - 5:00pm Friday 9:00am - 5:00pm Saturday Closed Sunday Closed"
"hearinglife.ca","https://www.hearinglife.ca/Centers/Ontario/london-masonville","London Masonville - Hearing Centre","1673 Richmond Street","London","Ontario","N6G 2N3","CA","<MISSING>","1-888-439-9683","<MISSING>","43.0255444","-81.2833302","Monday 9:00am - 5:00pm Tuesday 9:00am - 5:00pm Wednesday 9:00am - 5:00pm Thursday 9:00am - 5:00pm Friday 9:00am - 5:00pm Saturday Closed Sunday Closed"
"hearinglife.ca","https://www.hearinglife.ca/Centers/Ontario/london-southdale","London Southdale - Hearing Centre","379 Southdale Road West","London","Ontario","N6J 4G8","CA","<MISSING>","1-888-439-9720","<MISSING>","42.9384","-81.28","Monday 9:00am - 5:00pm Tuesday 9:00am - 5:00pm Wednesday 9:00am - 5:00pm Thursday 9:00am - 5:00pm Friday 9:00am - 5:00pm Saturday Closed Sunday Closed"
"hearinglife.ca","https://www.hearinglife.ca/Centers/Ontario/manotick","Manotick - Hearing Centre","1140 Tighe Street, Unit B","Manotick","Ontario","K4M 1A2","CA","<MISSING>","1-855-759-6234","<MISSING>","45.225369","-75.683644","Monday 8:00am - 4:00pm Tuesday 8:00am - 4:00pm Wednesday 8:00am - 4:00pm Thursday 8:00am - 4:00pm Friday 8:00am - 4:00pm"
"hearinglife.ca","https://www.hearinglife.ca/Centers/Ontario/markham","Markham - Hearing Centre (Temporarily Closed)","4981 Highway 7 East, Unit 6","Markham","Ontario","L3R 1N1","CA","<MISSING>","1-888-439-9817","<MISSING>","43.8647681","-79.2925506","Monday 9:00am - 5:00pm Tuesday 9:00am - 5:00pm Wednesday 9:00am - 5:00pm Thursday 9:00am - 5:00pm Friday 9:00am - 5:00pm Saturday Closed Sunday Closed"
"hearinglife.ca","https://www.hearinglife.ca/Centers/Ontario/markham-woodbine","Markham Woodbine - Hearing Centre","5&6-8355 Woodbine Avenue","Markham","Ontario","L3R 2P4","CA","<MISSING>","1-877-221-6733","<MISSING>","43.8463922","-79.356194","Monday 8:30am - 4:30pm Tuesday 8:30am - 4:30pm Wednesday 8:30am - 4:30pm Thursday 8:30am - 4:30pm Friday 8:30am - 4:30pm Saturday Closed Sunday Closed"
"hearinglife.ca","https://www.hearinglife.ca/Centers/Ontario/milton","Milton - Hearing Centre","5-15 Martin Street","Milton","Ontario","L9T 2R1","CA","<MISSING>","1-888-439-9912","<MISSING>","43.5141298","-79.8829247","Monday 8:00am - 3:00pm Tuesday 8:00am - 3:00pm Wednesday 8:00am - 3:00pm Thursday 8:00am - 3:00pm Friday 8:00am - 3:00pm Saturday Closed Sunday Closed"
"hearinglife.ca","https://www.hearinglife.ca/Centers/Ontario/mississauga","Mississauga Streetsville - Hearing Centre","217 Queen Street South","Mississauga","Ontario","L5M 1L6","CA","<MISSING>","1-888-445-6585","<MISSING>","43.5810033","-79.7124897","Monday 9:00am - 5:00pm Tuesday 9:00am - 5:00pm Wednesday 9:00am - 5:00pm Thursday 9:00am - 5:00pm Friday 9:00am - 5:00pm Saturday Closed Sunday Closed"
"hearinglife.ca","https://www.hearinglife.ca/Centers/Ontario/mississauga-central","Mississauga Central - Hearing Centre","102-101 Queensway West","Mississauga","Ontario","L5B 2P7","CA","<MISSING>","1-888-440-0375","<MISSING>","43.5721915","-79.6108682","Monday 8:00am - 4:00pm Tuesday 8:00am - 4:00pm Wednesday 8:00am - 4:00pm Thursday 8:00am - 4:00pm Friday 8:00am - 4:00pm Saturday Closed Sunday Closed"
"hearinglife.ca","https://www.hearinglife.ca/Centers/Ontario/mississauga-clarkson-village","Mississauga Clarkson Village - Hearing Centre","1865 Lakeshore Road West","Mississauga","Ontario","L5J 4P1","CA","<MISSING>","1-888-439-2092","<MISSING>","43.5155558","-79.6265904","Monday 8:30am - 4:30pm Tuesday 8:30am - 4:30pm Wednesday 8:30am - 4:30pm Thursday 8:30am - 4:30pm Friday 8:30am - 4:30pm Saturday Closed Sunday Closed"
"hearinglife.ca","https://www.hearinglife.ca/Centers/Ontario/mississauga-king","Mississauga King - Hearing Centre","71 King Street West","Mississauga","Ontario","L5B 4A2","CA","<MISSING>","1-888-440-0254","<MISSING>","43.577729","-79.6163672","Monday 8:30am - 4:30pm Tuesday 8:30am - 4:30pm Wednesday 8:30am - 4:30pm Thursday 8:30am - 4:30pm Friday 8:30am - 4:30pm Saturday Closed Sunday Closed"
"hearinglife.ca","https://www.hearinglife.ca/Centers/Ontario/mississauga-queensway","Mississauga Queensway - Hearing Centre","201-2085 Hurontario Street","Mississauga","Ontario","L5A 4G1","CA","<MISSING>","1-888-486-2441","<MISSING>","43.5705555","-79.6017233","Monday 9:00am - 5:00pm Tuesday 9:00am - 5:00pm Wednesday 9:00am - 5:00pm Thursday 9:00am - 5:00pm Friday 9:00am - 5:00pm Saturday Closed Sunday Closed"
"hearinglife.ca","https://www.hearinglife.ca/Centers/Ontario/mississauga-streetsville-north","Mississauga Streetsville North - Hearing Centre","102-100 Queen Street South","Mississauga","Ontario","L5M 1K8","CA","<MISSING>","1-877-244-4150","<MISSING>","43.5841466","-79.7174807","Monday 9:00am - 5:00pm Tuesday 9:00am - 5:00pm Wednesday 9:00am - 5:00pm Thursday 9:00am - 5:00pm Friday 9:00am - 5:00pm Saturday Closed Sunday Closed"
"hearinglife.ca","https://www.hearinglife.ca/Centers/Ontario/mississauga-west","Mississauga West - Hearing Centre","134&138-1140 Burnhamthorpe West","Mississauga","Ontario","L5C 4E9","CA","<MISSING>","1-888-440-2374","<MISSING>","43.5689644","-79.6617992","Monday 9:00am - 5:00pm Tuesday 9:00am - 5:00pm Wednesday 9:00am - 5:00pm Thursday 9:00am - 5:00pm Friday 9:00am - 5:00pm Saturday Closed Sunday Closed"
"hearinglife.ca","https://www.hearinglife.ca/Centers/Ontario/mount-sinai-hospital","Mount Sinai Hospital - Hearing Centre","405-600 University Avenue","Toronto","Ontario","M5G 1X5","CA","<MISSING>","1-888-293-9004","<MISSING>","43.6574634","-79.3903693","Monday 8:00am - 4:00pm Tuesday 8:00am - 4:00pm Wednesday 8:00am - 4:00pm Thursday 8:00am - 4:00pm Friday 8:00am - 4:00pm"
"hearinglife.ca","https://www.hearinglife.ca/Centers/Ontario/napanee","Napanee - Hearing Centre","307A Bridge St W","Napanee","Ontario","K7R 3V3","CA","<MISSING>","1-888-440-4301","<MISSING>","44.2406384","-76.9677928","Monday 8:00am - 4:00pm Tuesday 8:00am - 4:00pm Wednesday 8:00am - 4:00pm Thursday 8:00am - 4:00pm Friday 8:00am - 4:00pm Saturday Closed Sunday Closed"
"hearinglife.ca","https://www.hearinglife.ca/Centers/Ontario/newmarket","Newmarket | Medical Arts Building - Hearing Centre","105-581 Davis Drive","Newmarket","Ontario","L3Y 2P6","CA","<MISSING>","1-888-440-5214","<MISSING>","44.0611901","-79.4536887","Monday 8:00am - 4:00pm Tuesday 8:00am - 4:00pm Wednesday 8:00am - 4:00pm Thursday 8:00am - 4:00pm Friday 8:00am - 4:00pm Saturday Closed Sunday Closed"
"hearinglife.ca","https://www.hearinglife.ca/Centers/Ontario/niagara-falls","Niagara Falls","4025 Dorchester Road","Niagara Falls","Ontario","L2E 6N1","CA","<MISSING>","1-888-440-5332","<MISSING>","43.1145147","-79.1125731","Monday 9:00am - 5:00pm Tuesday 9:00am - 5:00pm Wednesday 9:00am - 5:00pm Thursday 9:00am - 5:00pm Friday 9:00am - 5:00pm Saturday Closed Sunday Closed"
"hearinglife.ca","https://www.hearinglife.ca/Centers/Ontario/north-bay","North Bay - Hearing Centre","1833 Cassells Street","North Bay","Ontario","P1B 4C8","CA","<MISSING>","1-888-440-7093","<MISSING>","46.317801","-79.446453","Monday 8:30am - 4:30pm Tuesday 8:30am - 4:30pm Wednesday 8:30am - 4:30pm Thursday 8:30am - 4:30pm Friday 8:30am - 4:30pm Saturday Closed Sunday Closed"
"hearinglife.ca","https://www.hearinglife.ca/Centers/Ontario/north-oshawa","North Oshawa","111-58 Rossland Road West","Oshawa","Ontario","L1G 2V5","CA","<MISSING>","1-866-323-8762","<MISSING>","43.914654","-78.873758","Monday 9:00am - 5:00pm Tuesday 9:00am - 5:00pm Wednesday 9:00am - 5:00pm Thursday 9:00am - 5:00pm Friday 9:00am - 5:00pm Saturday Closed Sunday Closed"
"hearinglife.ca","https://www.hearinglife.ca/Centers/Ontario/north-york","North York - Hearing Centre","2062 Sheppard Ave East","Toronto","Ontario","M2J 5B3","CA","<MISSING>","1-888-669-4361","<MISSING>","43.7749743","-79.3301155","Monday Closed Tuesday Closed Wednesday Closed Thursday 8:00am - 4:00pm Friday Closed Saturday Closed Sunday Closed"
"hearinglife.ca","https://www.hearinglife.ca/Centers/Ontario/oakville","Oakville - Hearing Centre","117 Lakeshore Road West","Oakville","Ontario","L6K 1C5","CA","<MISSING>","1-888-440-8397","<MISSING>","43.4393672","-79.6752888","Monday 8:00am - 4:00pm Tuesday 8:00am - 4:00pm Wednesday Closed Thursday 8:00am - 4:00pm Friday Closed Saturday Closed Sunday Closed"
"hearinglife.ca","https://www.hearinglife.ca/Centers/Ontario/oakville-hearing-sciences","Oakville - Hearing Sciences - Hearing Centre","2419 Marine Dr","Oakville","Ontario","L6L 1C6","CA","<MISSING>","1-888-290-4089","<MISSING>","43.3945857","-79.7096145","Monday Closed Tuesday Closed Wednesday 8:00am - 4:00pm Thursday Closed Friday 8:00am - 4:00pm Saturday Closed Sunday Closed"
"hearinglife.ca","https://www.hearinglife.ca/Centers/Ontario/oakville-north","Oakville North - Hearing Centre","515 Dundas Street West","Oakville","Ontario","L6M 1N9","CA","<MISSING>","1-888-326-0946","<MISSING>","43.4661339","-79.7464131","Monday 9:00am - 5:00pm Tuesday 9:00am - 5:00pm Wednesday 9:00am - 5:00pm Thursday 9:00am - 5:00pm Friday 9:00am - 5:00pm Saturday Closed Sunday Closed"
"hearinglife.ca","https://www.hearinglife.ca/Centers/Ontario/orangeville","Orangeville","475 Broadway Street","Orangeville","Ontario","L9W 2Y9","CA","<MISSING>","1-888-441-0135","<MISSING>","43.9135907","-80.1266674","Monday 9:00am - 5:00pm Tuesday 9:00am - 5:00pm Wednesday 9:00am - 5:00pm Thursday 9:00am - 5:00pm Friday 9:00am - 5:00pm Saturday Closed Sunday Closed"
"hearinglife.ca","https://www.hearinglife.ca/Centers/Ontario/orillia","Orillia - Hearing Centre","170 Memorial Avenue","Orillia","Ontario","L3V 7M9","CA","<MISSING>","1-888-441-0317","<MISSING>","44.599675","-79.424662","Monday 8:30am - 4:30pm Tuesday 8:30am - 4:30pm Wednesday 8:30am - 4:30pm Thursday 8:30am - 4:30pm Friday 8:30am - 4:30pm Saturday Closed Sunday Closed"
"hearinglife.ca","https://www.hearinglife.ca/Centers/Ontario/oshawa","Oshawa - Hearing Centre","470 King Street West","Oshawa","Ontario","L1J 2M2","CA","<MISSING>","1-888-441-0320","<MISSING>","43.8940421","-78.8815175","Monday 9:00am - 5:00pm Tuesday 9:00am - 5:00pm Wednesday 9:00am - 5:00pm Thursday 9:00am - 5:00pm Friday 9:00am - 5:00pm Saturday Closed Sunday Closed"
"hearinglife.ca","https://www.hearinglife.ca/Centers/Ontario/ottawa-bank","Ottawa Bank - Hearing Centre","2430 Bank Street","Ottawa","Ontario","K1V 0T7","CA","<MISSING>","1-888-441-0504","<MISSING>","45.3537785","-75.6490625","Monday 8:00am - 4:00pm Tuesday 8:00am - 4:00pm Wednesday 8:00am - 4:00pm Thursday 8:00am - 4:00pm Friday 8:00am - 4:00pm Saturday Closed Sunday Closed"
"hearinglife.ca","https://www.hearinglife.ca/Centers/Ontario/ottawa-holland","Ottawa Holland - Hearing Centre","118 Holland Avenue","Ottawa","Ontario","K1Y 0X6","CA","<MISSING>","1-888-441-0543","<MISSING>","45.3998149","-75.7319932","Monday Closed Tuesday Closed Wednesday Closed Thursday Closed Friday Closed Saturday Closed Sunday Closed"
"hearinglife.ca","https://www.hearinglife.ca/Centers/Ontario/ottawa-iris","Ottawa Iris - Hearing Centre","2730 Iris Street","Ottawa","Ontario","K2C 1E6","CA","<MISSING>","1-888-441-1224","<MISSING>","45.3477338","-75.7865204","Monday 8:00am - 4:00pm Tuesday 8:00am - 4:00pm Wednesday 8:00am - 4:00pm Thursday 8:00am - 4:00pm Friday 8:00am - 4:00pm Saturday Closed Sunday Closed"
"hearinglife.ca","https://www.hearinglife.ca/Centers/Ontario/ottawa-merivale","Ottawa Merivale - Hearing Centre","501-1580 Merivale Road","Ottawa","Ontario","K2G 4B5","CA","<MISSING>","1-888-441-1543","<MISSING>","45.351346","-75.7345104","Monday 8:00am - 4:00pm Tuesday 8:00am - 4:00pm Wednesday 8:00am - 4:00pm Thursday 8:00am - 4:00pm Friday 8:00am - 4:00pm Saturday Closed Sunday Closed"
"hearinglife.ca","https://www.hearinglife.ca/Centers/Ontario/ottawa-montreal-road","Ottawa Montreal Road - Hearing Centre","13A-585 Montreal Road","Ottawa","Ontario","K1K 4K4","CA","<MISSING>","1-888-441-1574","<MISSING>","45.4426485","-75.6444576","Monday 8:00am - 4:00pm Tuesday 8:00am - 4:00pm Wednesday 8:00am - 4:00pm Thursday 8:00am - 4:00pm Friday 8:00am - 4:00pm Saturday Closed Sunday Closed"
"hearinglife.ca","https://www.hearinglife.ca/Centers/Ontario/owen-sound","Owen Sound - Hearing Centre","3004-1415 1st Avenue West","Owen Sound","Ontario","N4K 4K8","CA","<MISSING>","1-888-441-2370","<MISSING>","44.5731454","-80.9446515","Monday 9:00am - 5:00pm Tuesday 9:00am - 5:00pm Wednesday 9:00am - 5:00pm Thursday 9:00am - 5:00pm Friday 9:00am - 5:00pm Saturday Closed Sunday Closed"
"hearinglife.ca","https://www.hearinglife.ca/Centers/Ontario/pembroke","Pembroke - Hearing Centre","157 Alfred St","Pembroke","Ontario","K8A 2Z9","CA","<MISSING>","1-888-441-3505","<MISSING>","45.823935","-77.1104657","Monday 8:00am - 4:00pm Tuesday 8:00am - 4:00pm Wednesday 8:00am - 4:00pm Thursday 8:00am - 4:00pm Friday 8:00am - 4:00pm Saturday Closed Sunday Closed"
"hearinglife.ca","https://www.hearinglife.ca/Centers/Ontario/perth","Perth - Hearing Centre","104-40 Sunset Boulevard","Perth","Ontario","K7H 2Y4","CA","<MISSING>","1-888-441-3556","<MISSING>","44.9051126","-76.2674142","Monday 9:00am - 4:30pm Tuesday 9:00am - 4:30pm Wednesday 9:00am - 4:30pm Thursday 9:00am - 4:30pm Friday 9:00am - 4:30pm Saturday Closed Sunday Closed"
"hearinglife.ca","https://www.hearinglife.ca/Centers/Ontario/peterborough","Peterborough - Hearing Centre","824 Clonsilla Avenue","Peterborough","Ontario","K9J 5Y3","CA","<MISSING>","1-888-441-7430","<MISSING>","44.2817451","-78.3525769","Monday 8:00am - 4:00pm Tuesday 8:00am - 4:00pm Wednesday 8:00am - 4:00pm Thursday 8:00am - 4:00pm Friday 8:00am - 4:00pm Saturday Closed Sunday Closed"
"hearinglife.ca","https://www.hearinglife.ca/Centers/Ontario/peterborough-downtown","Peterborough Downtown - Hearing Centre","361 George Street North","Peterborough","Ontario","K9H 3R2","CA","<MISSING>","1-888-441-7450","<MISSING>","44.3048396","-78.3202638","Monday 8:00am - 4:00pm Tuesday 8:00am - 4:00pm Wednesday 8:00am - 4:00pm Thursday 8:00am - 4:00pm Friday 8:00am - 4:00pm Saturday Closed Sunday Closed"
"hearinglife.ca","https://www.hearinglife.ca/Centers/Ontario/pickering","Pickering - Hearing Centre","1848 Liverpool Road","Pickering","Ontario","L1V 1W3","CA","<MISSING>","1-888-441-9491","<MISSING>","43.8364649","-79.091503","Monday 8:30am - 4:30pm Tuesday 8:30am - 4:30pm Wednesday 8:30am - 4:30pm Thursday 8:30am - 4:30pm Friday 8:30am - 4:30pm Saturday Closed Sunday Closed"
"hearinglife.ca","https://www.hearinglife.ca/Centers/Ontario/port-dover","Port Dover - Hearing Centre","697 Hwy #6 West","Port Dover","Ontario","N0A 1N2","CA","<MISSING>","1-888-441-9506","<MISSING>","42.7956307","-80.2235222","Monday 9:00am - 5:00pm Tuesday 9:00am - 5:00pm Wednesday 9:00am - 5:00pm Thursday 9:00am - 5:00pm Friday 9:00am - 5:00pm Saturday Closed Sunday Closed"
"hearinglife.ca","https://www.hearinglife.ca/Centers/Ontario/port-hope","Port Hope - Hearing Centre","210-249 Ontario Street","Port Hope","Ontario","L1A 3Y9","CA","<MISSING>","1-888-442-8491","<MISSING>","43.9630841","-78.2897917","Monday 8:30am - 4:30pm Tuesday 8:30am - 4:30pm Wednesday Closed Thursday 8:30am - 4:30pm Friday Closed Saturday Closed Sunday Closed"
"hearinglife.ca","https://www.hearinglife.ca/Centers/Ontario/port-perry","Port Perry - Hearing Centre","257 Queen Street","Port Perry","Ontario","L9L 1B9","CA","<MISSING>","1-866-512-7912","<MISSING>","44.104382","-78.945649","Monday 8:30am - 4:30pm Tuesday 8:30am - 4:30pm Wednesday 8:30am - 4:30pm Thursday 8:30am - 4:30pm Friday 8:30am - 4:30pm Saturday Closed Sunday Closed"
"hearinglife.ca","https://www.hearinglife.ca/Centers/Ontario/rexdale","Rexdale - Hearing Centre","3B-123 Rexdale Blvd","Toronto","Ontario","M9W 1P1","CA","<MISSING>","1-888-771-0437","<MISSING>","43.7111444","-79.565404","Monday 9:00am - 5:00pm Tuesday 9:00am - 5:00pm Wednesday 9:00am - 5:00pm Thursday 9:00am - 5:00pm Friday 9:00am - 5:00pm Saturday Closed Sunday Closed"
"hearinglife.ca","https://www.hearinglife.ca/Centers/Ontario/richmond-hill","Richmond Hill - Hearing Centre","18A-9019 Bayview Avenue","Richmond Hill","Ontario","L4B 3M6","CA","<MISSING>","1-888-287-6640","<MISSING>","43.8509995","-79.4080967","Monday Closed Tuesday 9:00am - 5:00pm Wednesday 8:00am - 4:00pm Thursday Closed Friday 9:00am - 5:00pm Saturday Closed Sunday Closed"
"hearinglife.ca","https://www.hearinglife.ca/Centers/Ontario/sarnia","Sarnia - Hearing Centre","1380 London Road","Sarnia","Ontario","N7S 1P8","CA","<MISSING>","1-888-443-2515","<MISSING>","42.98202","-82.35297","Monday 9:00am - 5:00pm Tuesday 9:00am - 5:00pm Wednesday 9:00am - 5:00pm Thursday 9:00am - 5:00pm Friday 9:00am - 5:00pm Saturday Closed Sunday Closed"
"hearinglife.ca","https://www.hearinglife.ca/Centers/Ontario/sault-ste-marie","Sault Ste. Marie - Hearing Centre","154 Great Northern Road","Sault Ste. Marie","Ontario","P6B 4Z1","CA","<MISSING>","1-888-443-2587","<MISSING>","46.5300554","-84.3189587","Monday 8:00am - 4:00pm Tuesday 8:00am - 4:00pm Wednesday 8:00am - 4:00pm Thursday 8:00am - 4:00pm Friday 8:00am - 4:00pm Saturday Closed Sunday Closed"
"hearinglife.ca","https://www.hearinglife.ca/Centers/Ontario/sault-ste-marie-group-health","Sault Ste. Marie Group Health - Hearing Centre","240 McNabb Street","Sault Ste. Marie","Ontario","P6B 1Y5","CA","<MISSING>","1-888-443-3701","<MISSING>","46.522203","-84.315898","Monday 8:00am - 4:00pm Tuesday 8:00am - 4:00pm Wednesday 8:00am - 4:00pm Thursday 8:00am - 4:00pm Friday 8:00am - 4:00pm Saturday Closed Sunday Closed"
"hearinglife.ca","https://www.hearinglife.ca/Centers/Ontario/scarborough","Scarborough Centenary - Suite 301 - Hearing Centre","301-2863 Ellesmere Road","Scarborough","Ontario","M1E 5E9","CA","<MISSING>","1-855-774-5252 ","<MISSING>","43.763713","-79.2901","Monday 8:00am - 4:00pm Tuesday 8:00am - 4:00pm Wednesday 8:00am - 4:00pm Thursday 8:00am - 4:00pm Friday 8:00am - 4:00pm Saturday Closed Sunday Closed"
"hearinglife.ca","https://www.hearinglife.ca/Centers/Ontario/scarborough-east","Scarborough East - Hearing Centre","3434 Lawrence Avenue East","Scarborough","Ontario","M1H 1A9","CA","<MISSING>","1-888-443-7398","<MISSING>","43.7601568","-79.2284418","Monday 9:00am - 5:00pm Tuesday 9:00am - 5:00pm Wednesday 9:00am - 5:00pm Thursday 9:00am - 5:00pm Friday 9:00am - 5:00pm Saturday Closed Sunday Closed"
"hearinglife.ca","https://www.hearinglife.ca/Centers/Ontario/scarborough-finch","Scarborough Finch - Hearing Centre","302-3850 Finch Avenue East","Scarborough","Ontario","M1T 3T6","CA","<MISSING>","1-888-443-5603","<MISSING>","43.8006395","-79.3006175","Monday 9:00am - 5:00pm Tuesday Closed Wednesday 9:00am - 5:00pm Thursday 9:00am - 5:00pm Friday 9:00am - 5:00pm Saturday 9:00am - 1:00pm Sunday Closed"
"hearinglife.ca","https://www.hearinglife.ca/Centers/Ontario/scarborough-north","Scarborough North - Hearing Centre","110A-1371 Neilson Road","Scarborough","Ontario","M1B 4Z8","CA","<MISSING>","1-888-443-7709","<MISSING>","43.8094022","-79.2208065","Monday 9:00am - 5:00pm Tuesday Closed Wednesday Closed Thursday 9:00am - 5:00pm Friday 9:00am - 5:00pm Saturday Closed Sunday Closed"
"hearinglife.ca","https://www.hearinglife.ca/Centers/Ontario/scarborough-west-hill","Scarborough West Hill - Hearing Centre","103-4125 Lawrence Avenue East","Scaborough","Ontario","M1E 2S2","CA","<MISSING>","1-888-443-6764","<MISSING>","43.7665105","-79.1948792","Monday 8:00am - 4:00pm Tuesday 8:00am - 4:00pm Wednesday 8:00am - 4:00pm Thursday 8:00am - 4:00pm Friday 8:00am - 4:00pm Saturday Closed Sunday Closed"
"hearinglife.ca","https://www.hearinglife.ca/Centers/Ontario/sherway","Sherway - Hearing Centre","405-190 Sherway Drive","Etobicoke","Ontario","M9C 5N2","CA","<MISSING>","1-888-443-8575","<MISSING>","43.6086724","-79.5602732","Monday 9:00am - 5:00pm Tuesday 9:00am - 5:00pm Wednesday 9:00am - 5:00pm Thursday 9:00am - 5:00pm Friday 9:00am - 5:00pm Saturday Closed Sunday Closed"
"hearinglife.ca","https://www.hearinglife.ca/Centers/Ontario/simcoe","Simcoe - Hearing Centre","100-216 West Street","Simcoe","Ontario","N3Y 1S8","CA","<MISSING>","1-888-443-9698","<MISSING>","42.8350463","-80.3109824","Monday 9:00am - 5:00pm Tuesday 9:00am - 5:00pm Wednesday 9:00am - 5:00pm Thursday 9:00am - 5:00pm Friday 9:00am - 5:00pm Saturday Closed Sunday Closed"
"hearinglife.ca","https://www.hearinglife.ca/Centers/Ontario/smiths-falls","Smiths Falls - Hearing Centre","91 Cornelia Street West","Smiths Falls","Ontario","K7A 5L3","CA","<MISSING>","1-888-445-0702","<MISSING>","44.9062252","-76.0284927","Monday 9:00am - 4:30pm Tuesday 9:00am - 4:30pm Wednesday 9:00am - 4:30pm Thursday 9:00am - 4:30pm Friday 9:00am - 4:30pm Saturday Closed Sunday Closed"
"hearinglife.ca","https://www.hearinglife.ca/Centers/Ontario/st-catharines","St. Catharines - Hearing Centre","215-245 Pelham Road","St.Catharines","Ontario","L2S 1X8","CA","<MISSING>","1-888-445-0956","<MISSING>","43.1325229","-79.2544907","Monday 9:00am - 5:00pm Tuesday 9:00am - 5:00pm Wednesday 9:00am - 5:00pm Thursday 9:00am - 5:00pm Friday 9:00am - 5:00pm Saturday Closed Sunday Closed"
"hearinglife.ca","https://www.hearinglife.ca/Centers/Ontario/st-catharines-north","St. Catharines North - Hearing Centre","5-101 Lakeport Road","St. Catharines","Ontario","L2N 7L7","CA","<MISSING>","1-855-781-1162","<MISSING>","43.1967115","-79.2605633","Monday 9:00am - 5:00pm Tuesday 9:00am - 5:00pm Wednesday 9:00am - 5:00pm Thursday 9:00am - 5:00pm Friday 9:00am - 5:00pm Saturday Closed Sunday Closed"
"hearinglife.ca","https://www.hearinglife.ca/Centers/Ontario/stoney-creek","Stoney Creek - Hearing Centre","160 Centennial Parkway North","Hamilton","Ontario","L8E 1H9","CA","<MISSING>","1-888-445-1755","<MISSING>","43.2338434","-79.761061","Monday 9:00am - 5:00pm Tuesday 9:00am - 5:00pm Wednesday 9:00am - 5:00pm Thursday 9:00am - 5:00pm Friday 9:00am - 5:00pm Saturday Closed Sunday Closed"
"hearinglife.ca","https://www.hearinglife.ca/Centers/Ontario/Stouffville","Stouffville, Ontario - Hearing Centre","6220 Main Street","Stouffville","Ontario","L4A 2S5","CA","<MISSING>","1-844-271-8471","<MISSING>","43.9714","-79.24873","Monday 8:30am - 4:30pm Tuesday 8:30am - 4:30pm Wednesday 8:30am - 4:30pm Thursday 8:30am - 4:30pm Friday 8:30am - 4:30pm Saturday Closed Sunday Closed"
"hearinglife.ca","https://www.hearinglife.ca/Centers/Ontario/stratford","Stratford - Hearing Centre","295 Huron Street","Stratford","Ontario","N5A 5T3","CA","<MISSING>","1-888-445-2056","<MISSING>","43.3763746","-80.9940621","Monday 9:00am - 5:00pm Tuesday 9:00am - 5:00pm Wednesday 9:00am - 5:00pm Thursday 9:00am - 5:00pm Friday 9:00am - 5:00pm Saturday Closed Sunday Closed"
"hearinglife.ca","https://www.hearinglife.ca/Centers/Ontario/strathroy","Strathroy - Hearing Centre","68 Front Street West","Strathroy","Ontario","N7G 1X7","CA","<MISSING>","1-888-445-6573","<MISSING>","42.9575818","-81.6259291","Monday 8:00am - 4:00pm Tuesday 8:00am - 4:00pm Wednesday 8:00am - 4:00pm Thursday 8:00am - 4:00pm Friday 8:00am - 4:00pm Saturday Closed Sunday Closed"
"hearinglife.ca","https://www.hearinglife.ca/Centers/Ontario/st-thomas","St. Thomas - Hearing Centre","24 First Avenue","St. Thomas","Ontario","N5R 4M5","CA","<MISSING>","1-888-445-1409","<MISSING>","42.7752223","-81.1751688","Monday 9:00am - 5:00pm Tuesday 9:00am - 5:00pm Wednesday 9:00am - 5:00pm Thursday 9:00am - 5:00pm Friday 9:00am - 5:00pm Saturday Closed Sunday Closed"
"hearinglife.ca","https://www.hearinglife.ca/Centers/Ontario/sudbury","Sudbury","96 Larch Street","Sudbury","Ontario","P3E 1C1","CA","<MISSING>","1-888-445-6804","<MISSING>","46.4915","-80.9932","Monday 9:00am - 5:00pm Tuesday 9:00am - 5:00pm Wednesday 9:00am - 5:00pm Thursday 9:00am - 5:00pm Friday 9:00am - 5:00pm Saturday Closed Sunday Closed"
"hearinglife.ca","https://www.hearinglife.ca/Centers/Ontario/tecumseh","Tecumseh - Hearing Centre","3-1614 Lesperance Road","Tecumseh","Ontario","N8N 1Y3","CA","<MISSING>","1-888-446-5011","<MISSING>","42.3066579","-82.8850016","Monday 9:00am - 5:00pm Tuesday 9:00am - 5:00pm Wednesday 9:00am - 5:00pm Thursday 9:00am - 5:00pm Friday 9:00am - 5:00pm Saturday Closed Sunday Closed"
"hearinglife.ca","https://www.hearinglife.ca/Centers/Ontario/the-beaches","The Beaches - Hearing Centre","2144B Queen Street East","Toronto","Ontario","M4E 1E3","CA","<MISSING>","1-888-445-7785","<MISSING>","43.6716233","-79.2933078","Monday 8:00am - 4:00pm Tuesday 8:00am - 4:00pm Wednesday 8:00am - 4:00pm Thursday 8:00am - 4:00pm Friday 8:00am - 4:00pm Saturday Closed Sunday Closed"
"hearinglife.ca","https://www.hearinglife.ca/Centers/Ontario/thornhill","Thornhill","330 Steeles Avenue West","Thornhill","Ontario","L4J 6W9","CA","<MISSING>","1-888-440-8155","<MISSING>","43.796052","-79.4316697","Monday 8:30am - 4:30pm Tuesday 8:30am - 4:30pm Wednesday 8:30am - 4:30pm Thursday 8:30am - 4:30pm Friday 8:30am - 4:30pm Saturday Closed Sunday Closed"
"hearinglife.ca","https://www.hearinglife.ca/Centers/Ontario/thornhill-hear-after","Thornhill - Hear After - Hearing Centre","800 Steeles Avenue West","Thornhill","Ontario","L4J 7L2","CA","<MISSING>","1-888-256-1004","<MISSING>","43.790765","-79.453126","Monday 8:30am - 4:30pm Tuesday 8:30am - 4:30pm Wednesday 8:30am - 4:30pm Thursday 8:30am - 4:30pm Friday 8:30am - 4:30pm Saturday Closed Sunday Closed"
"hearinglife.ca","https://www.hearinglife.ca/Centers/Ontario/thunder-bay","Thunder Bay - Hearing Centre","3-843 Red River Road","Thunder Bay","Ontario","P7B 1K3","CA","<MISSING>","1-844-339-2848","<MISSING>","48.445468","-89.248206","Monday 9:00am - 5:00pm Tuesday 9:00am - 5:00pm Wednesday 9:00am - 5:00pm Thursday 9:00am - 5:00pm Friday 9:00am - 5:00pm Saturday Closed Sunday Closed"
"hearinglife.ca","https://www.hearinglife.ca/Centers/Ontario/tillsonburg","Tillsonburg - Hearing Centre","114 Broadway","Tillsonburg","Ontario","N4G 3P6","CA","<MISSING>","1-888-445-7802","<MISSING>","42.860179","-80.727064","Monday 9:00am - 5:00pm Tuesday 9:00am - 5:00pm Wednesday 9:00am - 5:00pm Thursday 9:00am - 5:00pm Friday 9:00am - 5:00pm Saturday Closed Sunday Closed"
"hearinglife.ca","https://www.hearinglife.ca/Centers/Ontario/toronto-bay-street","Toronto Bay Street - Hearing Centre","322-790 Bay Street","Toronto","Ontario","M5G 1N8","CA","<MISSING>","1-888-437-9886","<MISSING>","43.6604976","-79.3860586","Monday 9:00am - 5:00pm Tuesday 9:00am - 5:00pm Wednesday 9:00am - 5:00pm Thursday 9:00am - 5:00pm Friday 9:00am - 5:00pm Saturday Closed Sunday Closed"
"hearinglife.ca","https://www.hearinglife.ca/Centers/Ontario/toronto-bloor-and-dundas","Toronto - Bloor and Dundas - Hearing Centre","304-2333 Dundas Street West","Toronto","Ontario","M6R 3A6","CA","<MISSING>","1-888-589-8481","<MISSING>","43.6559643","-79.4525483","Monday 8:00am - 4:00pm Tuesday 8:00am - 4:00pm Wednesday 8:00am - 4:00pm Thursday 8:00am - 4:00pm Friday 8:00am - 4:00pm Saturday Closed Sunday Closed"
"hearinglife.ca","https://www.hearinglife.ca/Centers/Ontario/toronto-east-general","Toronto East General - Hearing Centre","10025-825 Coxwell Avenue","Toronto","Ontario","M4C 3E7","CA","<MISSING>","1-888-445-9553","<MISSING>","43.6897586","-79.3259225","Monday 8:00am - 4:00pm Tuesday 8:00am - 4:00pm Wednesday 8:00am - 4:00pm Thursday 8:00am - 4:00pm Friday 8:00am - 4:00pm Saturday Closed Sunday Closed"
"hearinglife.ca","https://www.hearinglife.ca/Centers/Ontario/uxbridge","Uxbridge - Hearing Centre","102A&B-29 Toronto Street South","Uxbridge","Ontario","L9P 1V9","CA","<MISSING>","1-888-445-9597","<MISSING>","44.1077558","-79.1226591","Monday 8:30am - 4:30pm Tuesday 8:30am - 4:30pm Wednesday 8:30am - 4:30pm Thursday 8:30am - 4:30pm Friday 8:30am - 4:30pm Saturday Closed Sunday Closed"
"hearinglife.ca","https://www.hearinglife.ca/Centers/Ontario/vaughan","Vaughan - Hearing Centre","9421 Jane Street","Vaughan","Ontario","L6A 4H8","CA","<MISSING>","1-888-446-1750","<MISSING>","43.8343866","-79.5335581","Monday 8:00am - 4:00pm Tuesday 8:00am - 4:00pm Wednesday 8:00am - 4:00pm Thursday 8:00am - 4:00pm Friday 8:00am - 4:00pm Saturday Closed Sunday Closed"
"hearinglife.ca","https://www.hearinglife.ca/Centers/Ontario/virgil","Virgil - Hearing Centre","3-1561 Niagara Stone Road","Virgil","Ontario","L0S 1T0","CA","<MISSING>","1-855-763-7156","<MISSING>","43.223797","-79.11942","Monday 9:00am - 5:00pm Tuesday 9:00am - 5:00pm Wednesday 9:00am - 5:00pm Thursday 9:00am - 5:00pm Friday 9:00am - 5:00pm Saturday Closed Sunday Closed"
"hearinglife.ca","https://www.hearinglife.ca/Centers/Ontario/waterloo","Waterloo - Hearing Centre","304-99 Northfield Drive East","Waterloo","Ontario","N2K 3P9","CA","<MISSING>","1-888-446-1767","<MISSING>","43.5046726","-80.5256411","Monday 7:30am - 3:30pm Tuesday 7:30am - 3:30pm Wednesday 7:30am - 3:30pm Thursday 7:30am - 3:30pm Friday Closed Saturday Closed Sunday Closed"
"hearinglife.ca","https://www.hearinglife.ca/Centers/Ontario/welland","Welland - Hearing Centre","154 West Main Street","Welland","Ontario","L3C 5A2","CA","<MISSING>","1-888-446-1827","<MISSING>","42.991272","-79.2559292","Monday 9:00am - 5:00pm Tuesday 9:00am - 5:00pm Wednesday 9:00am - 5:00pm Thursday 9:00am - 5:00pm Friday 9:00am - 5:00pm Saturday Closed Sunday Closed"
"hearinglife.ca","https://www.hearinglife.ca/Centers/Ontario/whitby","Whitby - Hearing Centre","604 Garden Street","Whitby","Ontario","L1N 7B3","CA","<MISSING>","1-888-446-4795","<MISSING>","43.889788","-78.936452","Monday 9:00am - 5:00pm Tuesday 9:00am - 5:00pm Wednesday 9:00am - 5:00pm Thursday 9:00am - 5:00pm Friday 9:00am - 5:00pm Saturday Closed Sunday Closed"
"hearinglife.ca","https://www.hearinglife.ca/Centers/Ontario/windsor","Windsor - Hearing Centre","144-600 Tecumseh Road East","Windsor","Ontario","N8X 4X9","CA","<MISSING>","1-888-446-4985","<MISSING>","42.2986809","-83.015576","Monday 8:30am -4:30pm Tuesday 8:30am -4:30pm Wednesday 8:30am -4:30pm Thursday 8:30am -4:30pm Friday 8:30am -4:30pm Saturday Closed Sunday Closed"
"hearinglife.ca","https://www.hearinglife.ca/Centers/Ontario/wingham","Wingham - Hearing Centre","183 Victoria Street West","Wingham","Ontario","N0G 2W0","CA","<MISSING>","1-888-439-2192","<MISSING>","43.887411","-81.319046","Monday Temporarily Closed Tuesday Closed Wednesday Closed Thursday Closed Friday Closed Saturday Closed Sunday Closed"
"hearinglife.ca","https://www.hearinglife.ca/Centers/Ontario/woodbridge","Woodbridge - Hearing Centre","3-7540 Weston Road","Vaughan","Ontario","L4L 9L9","CA","<MISSING>","1-888-446-5820","<MISSING>","43.7864382","-79.5480479","Monday Closed Tuesday 8:30am - 4:30pm Wednesday 8:30am - 4:30pm Thursday 8:30am - 4:30pm Friday 8:30am - 4:30pm Saturday Closed Sunday Closed"
"hearinglife.ca","https://www.hearinglife.ca/Centers/Ontario/woodstock","Woodstock - Hearing Centre","469 Dundas Street","Woodstock","Ontario","N4S 1C2","CA","<MISSING>","1-888-446-9778","<MISSING>","43.1301144","-80.7573483","Monday 8:30am - 4:30pm Tuesday 8:30am - 4:30pm Wednesday 8:30am - 4:30pm Thursday 8:30am - 4:30pm Friday 8:30am - 4:30pm Saturday Closed Sunday Closed"
"hearinglife.ca","https://www.hearinglife.ca/Centers/Ontario/yonge-lawrence","Yonge & Lawrence - Hearing Centre","3217 Yonge Street","Toronto","Ontario","M4N 2L3","CA","<MISSING>","1-888-819-3021","<MISSING>","43.7282241","-79.402743","Monday Closed Tuesday Closed Wednesday 9:00am - 5:00pm Thursday 9:00am - 5:00pm Friday 9:00am - 5:00pm Saturday Closed Sunday Closed"
"hearinglife.ca","https://www.hearinglife.ca/Centers/Ontario/yonge-st-clair","Yonge & St. Clair - Hearing Centre","1493 Yonge Street","Toronto","Ontario","M4T 1Z2","CA","<MISSING>","1-888-446-9976","<MISSING>","43.688978","-79.3943313","Monday 9:00am - 5:00pm Tuesday 9:00am - 5:00pm Wednesday 9:00am - 5:00pm Thursday 9:00am - 5:00pm Friday 9:00am - 5:00pm Saturday Closed Sunday Closed"
"hearinglife.ca","https://www.hearinglife.ca/Centers/Ontario/york-mills","York Mills - Hearing Centre","208-300 York Mills Road","Toronto","Ontario","M2L 2Y5","CA","<MISSING>","1-888-447-0082","<MISSING>","43.7482843","-79.3850513","Monday Closed Tuesday Closed Wednesday 8:30am - 4:30pm Thursday Closed Friday Closed Saturday Closed Sunday Closed"
"hearinglife.ca","https://www.hearinglife.ca/Centers/Saskatchewan/humboldt","Humboldt - Hearing Centre ","2404A Westwood Centre","Humboldt","Saskatchewan","S0K 2A0","CA","<MISSING>","1-855-791-3107","<MISSING>","52.20357","-105.150589","Monday 8:30am - 4:30pm Tuesday 8:30am - 4:30pm Wednesday 8:30am - 4:30pm Thursday 8:30am - 4:30pm Friday Closed Saturday Closed Sunday Closed"
"hearinglife.ca","https://www.hearinglife.ca/Centers/Saskatchewan/regina","Regina - Hearing Centre ","2581 East Quance Street","Regina","Saskatchewan","S4V 2Y7","CA","<MISSING>","1-855-762-4292 ","<MISSING>","50.44334","-104.534907","Monday 8:30am - 4:30pm Tuesday 8:30am - 4:30pm Wednesday 8:30am - 4:30pm Thursday 8:30am - 4:30pm Friday 8:30am - 4:30pm Saturday Closed Sunday Closed"
"hearinglife.ca","https://www.hearinglife.ca/Centers/Saskatchewan/saskatoon-north","Saskatoon North - Hearing Centre ","340 3rd Avenue North","Saskatoon","Saskatchewan","S7K 2J1","CA","<MISSING>","1-888-265-4107","<MISSING>","52.1323752","-106.6607938","Monday 8:30am - 4:30pm Tuesday 8:30am - 4:30pm Wednesday 8:30am - 4:30pm Thursday 8:30am - 4:30pm Friday Closed"
"hearinglife.ca","https://www.hearinglife.ca/Centers/Saskatchewan/saskatoon-south","Saskatoon South - Hearing Centre ","16-1945 McKercher Drive","Saskatoon","Saskatchewan","S7J 4M4","CA","<MISSING>","1-855-776-3552","<MISSING>","52.099257","-106.590672","Monday 9:00am - 5:00pm Tuesday 9:00am - 5:00pm Wednesday 9:00am - 5:00pm Thursday 9:00am - 5:00pm Friday 9:00am - 5:00pm Saturday Closed Sunday Closed"
"hearinglife.ca","https://www.hearinglife.ca/Centers/Saskatchewan/yorkton","Yorkton - Hearing Centre ","381 Parkview Road","Yorkton","Saskatchewan","S3N 2L4","CA","<MISSING>","1-888-885-1330","<MISSING>","51.200601","-102.4861445","Monday Closed Tuesday 8:30am - 4:30pm Wednesday 8:30am - 4:30pm Thursday 8:30am - 4:30pm Friday 8:30am - 4:30pm Saturday 8:30am - 4:30pm Sunday Closed"
