locator_domain,location_name,street_address,city,state,zip,country_code,store_number,phone,location_type,niacs_code,latitude,longitude,external_lat_long,hours_of_operation
https://www.shopnsavefood.com/,AC&T Exxon Travel Center,11564 Hopewell Rd.,Hagerstown,MD,21740,US,330,0,"{""gas_station"":""true"",""active"":""false"",""pump_perk"":""false""}",,39.631447,-77.784293,,
https://www.shopnsavefood.com/,Airport-Pittsburgh Int'l,Pitsburgh Int'l Airport - near parking lot,Aliquippa,PA,15231,US,125,0,"{""gas_station"":""true"",""active"":""true"",""pump_perk"":""true""}",,40.4943071,-80.2671737,,
https://www.shopnsavefood.com/,Aliquippa,2680 Brodhead Road,Aliquippa,PA,15001,US,126,0,"{""gas_station"":""true"",""active"":""true"",""pump_perk"":""true""}",,40.6061231,-80.2835837,,
https://www.shopnsavefood.com/,"Aliquippa, Hopewell",2046 Brodhead - 5 Points Intersection,Aliquippa,PA,15001,US,127,0,"{""gas_station"":""true"",""active"":""true"",""pump_perk"":""true""}",,40.5693741,-80.2594466,,
https://www.shopnsavefood.com/,Allison Park,4785 Wm. Flynn. Hwy. Rt. 8,Allison Park,PA,15101,US,128,0,"{""gas_station"":""true"",""active"":""true"",""pump_perk"":""true""}",,40.596914,-79.947908,,
https://www.shopnsavefood.com/,Ambridge,www.picnsav.net,2910 Duss Avenue,Ambridge,PA,US,26,1685,"{""gas_station"":""Sun 7:00am-8:00pm"",""active"":""724-266-9758"",""pump_perk"":""724-266-3526""}",,15003,Mon-Sat 7:00am-10:00pm,,
https://www.shopnsavefood.com/,Ambridge,800 Merchant Street,Ambridge,PA,15003,US,129,0,"{""gas_station"":""true"",""active"":""true"",""pump_perk"":""true""}",,40.589372,-80.2311673,,
https://www.shopnsavefood.com/,Avalon,400 Union Ave,Avalon,PA,15202,US,344,0,"{""gas_station"":""true"",""active"":""true"",""pump_perk"":""true""}",,40.504092 ,-80.0622012 ,,
https://www.shopnsavefood.com/,Baldwin,Curry Hollow & Keeport,Pleasant Hills,PA,15236,US,227,0,"{""gas_station"":""true"",""active"":""true"",""pump_perk"":""true""}",,40.33514,-79.98324,,
https://www.shopnsavefood.com/,"Beaver, West Bridgewater",1199 Third Street,Beaver,PA,15009,US,130,0,"{""gas_station"":""true"",""active"":""true"",""pump_perk"":""true""}",,40.6919313,-80.3144308,,
https://www.shopnsavefood.com/,Beechview,1721 Banksville Road.,Pittsburgh,PA,15216,US,223,0,"{""gas_station"":""true"",""active"":""true"",""pump_perk"":""true""}",,40.40009,-80.04617,,
https://www.shopnsavefood.com/,Belington Express,806 Crim Avenue ,Belington,WV,26250,US,28,1041,"{""gas_station"":""304-823-3104"",""active"":""39.022257"",""pump_perk"":""-79.936953""}",,Mon-Sun 7:00-11:00,304-823-3104,,
https://www.shopnsavefood.com/,Bellevue,4528 Ohio River Boulevard,Bellevue,PA,15202,US,131,0,"{""gas_station"":""true"",""active"":""true"",""pump_perk"":""true""}",,40.492014,-80.061497,,
https://www.shopnsavefood.com/,Bethel Park,5001 Library Road,Bethel Park,PA,15102,US,30,1630,"{""gas_station"":""412-831-7177"",""active"":""412-831-0440"",""pump_perk"":""412-831-5516""}",,Monday - Saturday 8am - 9pm,Sunday 9am - 9pm,,
https://www.shopnsavefood.com/,BFS - Bridgeport,51 Genesis Blvd,Bridgeport,WV,26330,US,347,0,"{""gas_station"":""true"",""active"":""false"",""pump_perk"":""false""}",,39.3221619,-80.2326953,,
https://www.shopnsavefood.com/,BFS - Clarksburg,106 Wilsonburg Rd,Clarksburg,WV,26301,US,348,0,"{""gas_station"":""true"",""active"":""false"",""pump_perk"":""false""}",,39.2864039,-80.3834048,,
https://www.shopnsavefood.com/,BFS - South Fairmont SNS Cheat Lake,169 Fairchance Rd.,Morgantown,WV,26508,US,271,0,"{""gas_station"":""true"",""active"":""true"",""pump_perk"":""true""}",,39.59532,-79.92287,,
https://www.shopnsavefood.com/,BFS - South Fairmont SNS Clarksburg,608 Emily Dr.,Clarksburg,WV,26301,US,274,0,"{""gas_station"":""true"",""active"":""true"",""pump_perk"":""true""}",,39.3287,-80.27337,,
https://www.shopnsavefood.com/,BFS - South Fairmont SNS Glenmark,204 Venture Dr,Morgantown,WV,26508,US,270,0,"{""gas_station"":""true"",""active"":""true"",""pump_perk"":""true""}",,39.59532,-79.92287,,
https://www.shopnsavefood.com/,BFS - South Fairmont SNS Kingmont,2201 Pleasant Valley Rd.,Fairmont,WV,26554,US,273,0,"{""gas_station"":""true"",""active"":""true"",""pump_perk"":""true""}",,39.49411,-80.22128,,
https://www.shopnsavefood.com/,BFS - South Fairmont SNS Mileground,1766 Mileground Rd.,Morgantown,WV,26505,US,275,0,"{""gas_station"":""true"",""active"":""true"",""pump_perk"":""true""}",,39.59532,-79.92287,,
https://www.shopnsavefood.com/,BFS - South Fairmont SNS White Hall,9615 Mall Loop,Fairmont,WV,26301,US,272,0,"{""gas_station"":""true"",""active"":""true"",""pump_perk"":""true""}",,39.429370,-80.187752,,
https://www.shopnsavefood.com/,BFS-McHenry,24179 Garret Hwy,McHenry,MD,21541,US,295,0,"{""gas_station"":""true"",""active"":""false"",""pump_perk"":""false""}",,39.556406,-79.351715,,
https://www.shopnsavefood.com/,Bloomfield,4068 Penn Avenue,Bloomfield,PA,15224,US,133,0,"{""gas_station"":""true"",""active"":""true"",""pump_perk"":""true""}",,40.4654193,-79.9555033,,
https://www.shopnsavefood.com/,Bloomfield,4779 Liberty St. at Mathilda,Bloomfield,PA,15224,US,134,0,"{""gas_station"":""true"",""active"":""true"",""pump_perk"":""true""}",,40.461144,-79.947298,,
https://www.shopnsavefood.com/,Bolivar,455 Main Street,Bolivar,NY,14715,US,31,1086,"{""gas_station"":""42.064109"",""active"":""-78.16824"",""pump_perk"":""false""}",,Mon-Sun 7:00-9:00,585-928-1708,,
https://www.shopnsavefood.com/,Brentwood,2929 Churchview Avenue,Brentwood,PA,15227,US,135,0,"{""gas_station"":""true"",""active"":""true"",""pump_perk"":""true""}",,40.38051,-79.96672,,
https://www.shopnsavefood.com/,Brentwood,3299 Saw Mill Run Boulevard,Brentwood,PA,15227,US,136,0,"{""gas_station"":""true"",""active"":""true"",""pump_perk"":""true""}",,40.38051,-79.96672,,
https://www.shopnsavefood.com/,Bridgeville,1001 Washington Pike - Route 50,Bridgeville,PA,15017,US,137,0,"{""gas_station"":""true"",""active"":""true"",""pump_perk"":""true""}",,40.35458,-80.09134,,
https://www.shopnsavefood.com/,Bridgeville,140 Miller Run Road,Bridgeville,PA,15017,US,138,0,"{""gas_station"":""true"",""active"":""true"",""pump_perk"":""true""}",,40.35458,-80.09134,,
https://www.shopnsavefood.com/,Brookline,533 Brookline Boulevard,Brookline,PA,15226,US,139,0,"{""gas_station"":""true"",""active"":""true"",""pump_perk"":""true""}",,40.3958975,-80.0225857,,
https://www.shopnsavefood.com/,Brookline,1640 Saw Mill Run Road,Pittsburgh,PA,15210,US,219,0,"{""gas_station"":""true"",""active"":""true"",""pump_perk"":""true""}",,40.396446,-79.998606,,
https://www.shopnsavefood.com/,Brownsville,1119 Brownsville Rd,Pittsburgh,PA,15210,US,84,83,"{""gas_station"":""412-881-4447"",""active"":""412-881-1967"",""pump_perk"":""40.405146""}",,Mon-Sat 7:00am - 10:00pm,Sun 8:00am - 8:00pm,,
https://www.shopnsavefood.com/,Brownsville,565 High & Broad Streets,Brownsville,PA,15417,US,140,0,"{""gas_station"":""true"",""active"":""true"",""pump_perk"":""true""}",,39.92161,-79.69047,,
https://www.shopnsavefood.com/,Burhans Blvd. Exxon,301 N. Burhans Blvd.,Hagerstown,MD,21741,US,327,0,"{""gas_station"":""true"",""active"":""false"",""pump_perk"":""false""}",,39.649420,-77.724219,,
https://www.shopnsavefood.com/,Buttermilk Hollow,4647 Buttermilk Hollow Road,West Mifflin,PA,15122,US,111,1079,"{""gas_station"":""412-462-0639"",""active"":""40.35719"",""pump_perk"":""-79.910345""}",,Mon-Fri 7am-10pm,Sat-Sun 7am-9pm,,
https://www.shopnsavefood.com/,Canonsburg,617 West Pike Street ,Canonsburg,PA,15317,US,32,1290,"{""gas_station"":""724-745-2900"",""active"":""724-873-5735"",""pump_perk"":""40.257422""}",,Mon-Sat 7:00-12:00,Sun 7:00-9:00,,
https://www.shopnsavefood.com/,Canonsburg,404 West Pike Street,Canonsburg,PA,15317,US,141,0,"{""gas_station"":""true"",""active"":""true"",""pump_perk"":""true""}",,40.1557,-80.12842,,
https://www.shopnsavefood.com/,Canonsburg,2300 Hill Church / Houston Rd.,Canonsburg,PA,15317,US,142,0,"{""gas_station"":""true"",""active"":""true"",""pump_perk"":""true""}",,40.1557,-80.12842,,
https://www.shopnsavefood.com/,Carmichaels,560 Route 88 ,Carmichaels,PA,15320,US,33,1254,"{""gas_station"":""724-966-7752"",""active"":""39.881091"",""pump_perk"":""-79.967229""}",,Mon-Sun 8:00am-10:00pm ,724-966-7339,,
https://www.shopnsavefood.com/,Castle Shannon,799 Castle Shannon Blvd ,Pittsburgh,PA,15234,US,85,2413,"{""gas_station"":""412-561-1709"",""active"":""40.368569"",""pump_perk"":""-80.028126""}",,Mon-Sun 6:00am-12:00am,412-561-1418,,
https://www.shopnsavefood.com/,Castle Shannon,3505 Library Road,Castle Shannon,PA,15234,US,144,0,"{""gas_station"":""true"",""active"":""true"",""pump_perk"":""true""}",,40.366413,-80.0145257,,
https://www.shopnsavefood.com/,Castle Shannon,3646 Library Road,Castle Shannon,PA,15234,US,345,0,"{""gas_station"":""true"",""active"":""true"",""pump_perk"":""true""}",,40.365042 ,-80.0200782 ,,
https://www.shopnsavefood.com/,Cecil,3232 Millers Run Road (Winkle's Pit Stop),Cecil,PA,15321,US,145,0,"{""gas_station"":""true"",""active"":""true"",""pump_perk"":""true""}",,40.3270248,-80.1911507,,
https://www.shopnsavefood.com/,Century Square,2381 Mountain View Drive ,West Mifflin,PA,15122,US,112,2409,"{""gas_station"":""412-655-8374"",""active"":""40.346544"",""pump_perk"":""-79.943604""}",,Mon-Sun 7:00am-10:00pm,412-655-7090,,
https://www.shopnsavefood.com/,Cheswick,1001 Pittsburgh Street,Cheswick,PA,15024,US,146,0,"{""gas_station"":""true"",""active"":""true"",""pump_perk"":""true""}",,40.43443,-80.02481,,
https://www.shopnsavefood.com/,Clarksburg,"""15389 Route 286, Highway W""",Clarksburg,PA,15725,US,147,0,"{""gas_station"":""true"",""active"":""true"",""pump_perk"":""true""}",,40.5355325,-79.3771621,,
https://www.shopnsavefood.com/,Coraopolis,6700 University Blvd,Coraopolis,PA,15108,US,238,0,"{""gas_station"":""true"",""active"":""true"",""pump_perk"":""true""}",,40.46926,-80.14022,,
https://www.shopnsavefood.com/,Coudersport,7 West Second St.,Coudersport,PA,16915,US,37,1087,"{""gas_station"":""814-274-9102"",""active"":""41.774624"",""pump_perk"":""-78.02222""}",,"Mon-Fri 7am-8pm, Sat 8am - 8pm",Sun 8am-8pm,,
https://www.shopnsavefood.com/,Crabtree,226 Roosevelt Way,Crabtree,PA,15670,US,150,0,"{""gas_station"":""true"",""active"":""true"",""pump_perk"":""true""}",,40.363528,-79.468942,,
https://www.shopnsavefood.com/,Crafton,113 Noble Avenue,Pittsburgh,PA,15205,US,151,0,"{""gas_station"":""true"",""active"":""true"",""pump_perk"":""true""}",,40.4348262,-80.0655022,,
https://www.shopnsavefood.com/,Crafton,2373 Noblestown Road,Pittsburgh,PA,15205,US,152,0,"{""gas_station"":""true"",""active"":""true"",""pump_perk"":""true""}",,40.4322,-80.1021,,
https://www.shopnsavefood.com/,Cranberry Township,1197 Freedom Road,Cranberry Twp.,PA,16066,US,38,1078,"{""gas_station"":""724-741-2610"",""active"":""40.682677"",""pump_perk"":""-80.117716""}",,Mon-Sun 6:00am-Midnight,724-741-2600,,
https://www.shopnsavefood.com/,Cranberry Twp,1165 Freedom,Cranberry,PA,16066,US,283,0,"{""gas_station"":""true"",""active"":""true"",""pump_perk"":""true""}",,40.682667,-80.127353,,
https://www.shopnsavefood.com/,Cresson,1213 Second Avenue ,Cresson,PA,16630,US,39,1150,"{""gas_station"":""814-886-7221"",""active"":""814-886-2923"",""pump_perk"":""40.459618""}",,Mon-Sat 7:00am-10:00pm,Sun 7:00am-9:00pm,,
https://www.shopnsavefood.com/,Davis Express,371 Williams Avenue ,Davis,WV,26260,US,40,1044,"{""gas_station"":""304-259-5845"",""active"":""39.045186"",""pump_perk"":""-79.405575""}",,Mon-Sun 8:00-9:00 ,304-259-4836,,
https://www.shopnsavefood.com/,Deep Creek,24586 Garrett Highway,McHenry,MD,21541,US,62,1077,"{""gas_station"":""301-387-4075"",""active"":""39.561815"",""pump_perk"":""-79.357531""}",,Sun-Thur 7:30am - 9:00pm,Fri-Sat 7:30am - 10:00pm,,
https://www.shopnsavefood.com/,Delmont,2394 St Rte 66,Delmont,PA,15626,US,153,0,"{""gas_station"":""true"",""active"":""true"",""pump_perk"":""true""}",,40.36131,-79.57142,,
https://www.shopnsavefood.com/,Derry,5556 Route 982,Derry,PA,15627,US,154,0,"{""gas_station"":""true"",""active"":""true"",""pump_perk"":""true""}",,40.35022,-79.40205,,
https://www.shopnsavefood.com/,Devines,529 North Main Street ,Hubbard,OH,44425,US,57,1288,"{""gas_station"":""330-534-3625"",""active"":""330-534-4344"",""pump_perk"":""41.163536""}",,Mon-Sat 7:00am-10:00pm,Sun 8:00am-9:00pm,,
https://www.shopnsavefood.com/,Dormont,3100 West Liberty Avenue,Dormont,PA,15216,US,155,0,"{""gas_station"":""true"",""active"":""true"",""pump_perk"":""true""}",,40.3916034,-80.0389877,,
https://www.shopnsavefood.com/,Dual Hwy. Exxon,1701 Dual Highway,Hagerstown,MD,21740,US,324,0,"{""gas_station"":""true"",""active"":""false"",""pump_perk"":""false""}",,39.615847,-77.692959,,
https://www.shopnsavefood.com/,Duquesne,825 Duquesne Boulevard,Duquesne,PA,15110,US,156,0,"{""gas_station"":""true"",""active"":""true"",""pump_perk"":""true""}",,40.37206,-79.85382,,
https://www.shopnsavefood.com/,East Liberty,121 N Negley Avenue,Pittsburgh,PA,15203,US,157,0,"{""gas_station"":""true"",""active"":""true"",""pump_perk"":""true""}",,40.464328,-79.930481,,
https://www.shopnsavefood.com/,East Liberty,514 N Highland Ave,Pittsburgh,PA,15206,US,158,0,"{""gas_station"":""true"",""active"":""true"",""pump_perk"":""true""}",,40.4662891,-79.9223366,,
https://www.shopnsavefood.com/,East Pittsburgh,Route 30 & Centre,Pittsburgh,PA,15112,US,160,0,"{""gas_station"":""true"",""active"":""true"",""pump_perk"":""true""}",,40.43443,-80.02481,,
https://www.shopnsavefood.com/,East Rochester,750 Ohio River Blvd.,Rochester,PA,15074,US,100,1794,"{""gas_station"":""724-728-8017"",""active"":""40.699121"",""pump_perk"":""-80.272744""}",,Mon-Sun 7:00am-11:00pm,724-728-6728,,
https://www.shopnsavefood.com/,"Economy, Freedon & Baden Area",Rt. 989 & 2250 Conway Wallrose Run Rd.,Economy,PA,15005,US,161,0,"{""gas_station"":""true"",""active"":""true"",""pump_perk"":""true""}",,40.61841,-80.2041,,
https://www.shopnsavefood.com/,Elkins Express,1513 Harrison Avenue ,Elkins,WV,26241,US,41,1217,"{""gas_station"":""304-636-7411"",""active"":""38.931672"",""pump_perk"":""-79.86685""}",,Mon-Sun 8:00am-9:00pm,304-636-7990,,
https://www.shopnsavefood.com/,Export Sunoco,5690 William Penn Highway,Export,PA,15632,US,349,0,"{""gas_station"":""true"",""active"":""false"",""pump_perk"":""false""}",,40.4130246,-79.6334408,,
https://www.shopnsavefood.com/,Fairchance,www.jamiesonfamilymarkets.com,58 West Church Street ,Fairchance,PA,US,42,1229,"{""gas_station"":""724-564-7810"",""active"":""724-564-1027"",""pump_perk"":""39.820683""}",,15436,Mon-Sun 7:00am-10:00pm,,
https://www.shopnsavefood.com/,Farmington,4142 National Pike,Farmington,PA,15437,US,163,0,"{""gas_station"":""true"",""active"":""true"",""pump_perk"":""true""}",,39.79741,-79.59676,,
https://www.shopnsavefood.com/,Fillmore,44 Genesee St.,Fillmore,NY,14735,US,45,1091,"{""gas_station"":""42.461634"",""active"":""-78.112364"",""pump_perk"":""false""}",,585-567-2701,585-567-2701,,
https://www.shopnsavefood.com/,Franklin SNS Crosby's Shell,151 North 13th St.,Franklin,PA,16323,US,277,0,"{""gas_station"":""true"",""active"":""true"",""pump_perk"":""true""}",,41.404710,-79.832529,,
https://www.shopnsavefood.com/,Fredrick St. AC&T,724 Fredrick St.,Hagerstown,MD,21740,US,325,0,"{""gas_station"":""true"",""active"":""false"",""pump_perk"":""false""}",,39.628264,-77.715301,,
https://www.shopnsavefood.com/,Galeton,28 West Street,Galeton,PA,16922,US,47,1092,"{""gas_station"":""-77.649951"",""active"":""false"",""pump_perk"":""true""}",,814-435-6532,41.733949,,
https://www.shopnsavefood.com/,Garland Groh AC&T,18141 Garland Groh Blvd.,Hagerstown,MD,21742,US,326,0,"{""gas_station"":""true"",""active"":""false"",""pump_perk"":""false""}",,39.662987,-77.744941,,
https://www.shopnsavefood.com/,Gibsonia,5600 Williams Flynn Highway,Gibsonia,PA,15044,US,164,0,"{""gas_station"":""true"",""active"":""true"",""pump_perk"":""true""}",,40.43443,-80.02481,,
https://www.shopnsavefood.com/,Glenshaw,www.mihelicshopnsaves.com/,917 Butler Street,Pittsburgh,PA,US,87,2403,"{""gas_station"":""412-487-1460"",""active"":""412-492-8724"",""pump_perk"":""412-487-4302""}",,15223,Mon-Sun 6:00am-11:00pm,,
https://www.shopnsavefood.com/,Glenshaw,1020 Mt Royal Blvd,Pittsburgh,PA,15223,US,162,0,"{""gas_station"":""true"",""active"":""true"",""pump_perk"":""true""}",,40.5174163,-79.9589694,,
https://www.shopnsavefood.com/,Gold Crown,1309 Shoemaker Avenue,Nanty Glo,PA,15943,US,70,1072,"{""gas_station"":""814-749-0121"",""active"":""40.467601"",""pump_perk"":""-78.836324""}",,Mon-Sat 8am-9pm,Sun 8am-6pm,,
https://www.shopnsavefood.com/,Gowanda,10 Buffalo Street,Gowanda,NY,14070,US,49,1094,"{""gas_station"":""716-532-5545"",""active"":""716-532-5543"",""pump_perk"":""42.464436""}",,Mon-Sat 7am-9pm,Sun 8am-8pm,,
https://www.shopnsavefood.com/,Grafton Express,57 Maple Avenue,Grafton,WV,26354,US,50,1081,"{""gas_station"":""39.337617"",""active"":""-80.024006"",""pump_perk"":""false""}",,Mon-Sun 7am-9pm,304-265-2070,,
https://www.shopnsavefood.com/,Grantsville,3249 Chestnut Ridge Road,Grantsville,MD,21536,US,51,1071,"{""gas_station"":""301-895-5153"",""active"":""301-895-5459"",""pump_perk"":""39.697347""}",,Mon-Sat 8:00am - 9:00pm,Sun 8:00am - 7:00pm,,
https://www.shopnsavefood.com/,Greensburg,31 Mt Pleasant Street,Greensburg,PA,15601,US,165,0,"{""gas_station"":""true"",""active"":""true"",""pump_perk"":""true""}",,40.34701,-79.50072,,
https://www.shopnsavefood.com/,Greensburg,311 W. Otterman Street,Greensburg,PA,15601,US,166,0,"{""gas_station"":""true"",""active"":""true"",""pump_perk"":""true""}",,40.34701,-79.50072,,
https://www.shopnsavefood.com/,Greensburg,5099 Route 30,Greensburg,PA,15601,US,167,0,"{""gas_station"":""true"",""active"":""true"",""pump_perk"":""true""}",,40.34701,-79.50072,,
https://www.shopnsavefood.com/,Greensburg,140 W Pittsburgh Street,Greensburg,PA,15601,US,168,0,"{""gas_station"":""true"",""active"":""true"",""pump_perk"":""true""}",,40.34701,-79.50072,,
https://www.shopnsavefood.com/,Greensburg,Humphrey & Todd Rds.,Greensburg,PA,15601,US,169,0,"{""gas_station"":""true"",""active"":""true"",""pump_perk"":""true""}",,40.34701,-79.50072,,
https://www.shopnsavefood.com/,Handy Mart #11,202 S. Commerce Ave.,Front Royal,VA,22630,US,342,0,"{""gas_station"":""true"",""active"":""false"",""pump_perk"":""false""}",,38.916128,-78.185292,,
https://www.shopnsavefood.com/,Handy Mart #14,992 Millwood Pike,Winchester,VA,22602,US,337,0,"{""gas_station"":""true"",""active"":""false"",""pump_perk"":""false""}",,39.160273,-78.154505,,
https://www.shopnsavefood.com/,Handy Mart #17,1208 Berryville Ave.,Winchester,VA,22601,US,339,0,"{""gas_station"":""true"",""active"":""false"",""pump_perk"":""false""}",,39.185491,-78.139929,,
https://www.shopnsavefood.com/,Handy Mart #18,1462 N. Fredrick Pike,Winchester,VA,22603,US,338,0,"{""gas_station"":""true"",""active"":""false"",""pump_perk"":""false""}",,39.210364,-78.177820,,
https://www.shopnsavefood.com/,Handy Mart #19,760 Warriors Ave.,Stephens City,VA,22655,US,341,0,"{""gas_station"":""true"",""active"":""false"",""pump_perk"":""false""}",,39.095492,-78.178237,,
https://www.shopnsavefood.com/,Handy Mart #5,1611 Senseny Rd.,Winchester,VA,22601,US,336,0,"{""gas_station"":""true"",""active"":""false"",""pump_perk"":""false""}",,39.168635,-78.132815,,
https://www.shopnsavefood.com/,Handy Mart #6,2605 Valley Ave.,Winchester,VA,22601,US,340,0,"{""gas_station"":""true"",""active"":""false"",""pump_perk"":""false""}",,39.155962,-78.187158,,
https://www.shopnsavefood.com/,Handy Mart #21,8153 John Mosby Hwy,Boyce,VA,22620,US,335,0,"{""gas_station"":""true"",""active"":""false"",""pump_perk"":""false""}",,39.082226,-78.083824,,
https://www.shopnsavefood.com/,Harrisville Express,1617 E Main St,Harrisville,WV,26362,US,54,1116,"{""gas_station"":""39.216029"",""active"":""-81.039619"",""pump_perk"":""false""}",,Mon-Sun 8am-10pm,304-643-2230,,
https://www.shopnsavefood.com/,Haymaker Village,4548 Broadway Blvd ,Monroeville,PA,15146,US,65,2100,"{""gas_station"":""412-858-5800"",""active"":""412-858-5806"",""pump_perk"":""40.39044""}",,Mon-Sat 7:00-11:00,Sun 7:00-9:00,,
https://www.shopnsavefood.com/,Heidelberg,2100 Washington Pike ,Carnegie,PA,15106,US,34,2402,"{""gas_station"":""412-276-3363"",""active"":""40.386926"",""pump_perk"":""-80.092413""}",,24 Hours,412-276-5130,,
https://www.shopnsavefood.com/,Helds,Rt. 66 & 16th Street ,North Apollo,PA,15673,US,75,1495,"{""gas_station"":""724-478-4751"",""active"":""724-478-5787"",""pump_perk"":""40.594517""}",,Mon-Sat 7:30-9:30,Sun 8:00-5:00,,
https://www.shopnsavefood.com/,Herminie,3331 Clay Pike,Herminie,PA,15637,US,352,0,"{""gas_station"":""true"",""active"":""false"",""pump_perk"":""false""}",,40.2661321,-79.7208425,,
https://www.shopnsavefood.com/,Holiday Park,"2362 Route 286, Holiday Park Center",Pittsburgh,PA,15239,US,88,1432,"{""gas_station"":""724-325-5428"",""active"":""40.462907"",""pump_perk"":""-79.705591""}",,Mon-Sun 6:00am-12:00am,724-325-5400,,
https://www.shopnsavefood.com/,"Homestead, Munhall",2907 Homestead Duquesne,Munhall,PA,15120,US,170,0,"{""gas_station"":""true"",""active"":""true"",""pump_perk"":""true""}",,40.3913151,-79.8937517,,
https://www.shopnsavefood.com/,Horseheads Jubilee,www.horseheadsjubilee.com,2898 Westinghouse Road,Horseheads,NY,US,56,1096,"{""gas_station"":""607-796-2191"",""active"":""42.176079"",""pump_perk"":""-76.836319""}",,14845,Mon-Sun 6am-11pm,,
https://www.shopnsavefood.com/,Houtzdale Express,541 Spring Street,Houtzdale,PA,16651,US,55,1039,"{""gas_station"":""814-378-7659"",""active"":""814-378-8922"",""pump_perk"":""40.826784""}",,Mon-Sat 8:00am - 9:00pm,Sun 5:00am - 5:00pm,,
https://www.shopnsavefood.com/,Imperial,600 Market Place Drive ,Oakdale,PA,15071,US,78,2404,"{""gas_station"":""724-695-1857"",""active"":""40.496309"",""pump_perk"":""-80.224915""}",,24 Hours,724-695-1669,,
https://www.shopnsavefood.com/,Irwin,12970 Route 30,Irwin,PA,15642,US,171,0,"{""gas_station"":""true"",""active"":""true"",""pump_perk"":""true""}",,40.36502,-79.58406,,
https://www.shopnsavefood.com/,Irwin,9616 Route 30,Irwin,PA,15642,US,172,0,"{""gas_station"":""true"",""active"":""true"",""pump_perk"":""true""}",,40.36502,-79.58406,,
https://www.shopnsavefood.com/,Jeannette,1275 College Ave,Jeannette,PA,15644,US,173,0,"{""gas_station"":""true"",""active"":""true"",""pump_perk"":""true""}",,40.37457,-79.40791,,
https://www.shopnsavefood.com/,Jeannette,Route 30 & Lewis Avenue,Jeannette,PA,15644,US,174,0,"{""gas_station"":""true"",""active"":""true"",""pump_perk"":""true""}",,40.37457,-79.40791,,
https://www.shopnsavefood.com/,Jeannette,1110 Lowry Ave,Jeannette,PA,15644,US,351,0,"{""gas_station"":""true"",""active"":""false"",""pump_perk"":""false""}",,40.3148633,-79.6190527,,
https://www.shopnsavefood.com/,Lappans AC&T,8650 Sharpsburg Pike,Fairplay,MD,21733,US,328,0,"{""gas_station"":""true"",""active"":""false"",""pump_perk"":""false""}",,39.553678,-77.737943,,
https://www.shopnsavefood.com/,Large,344 Route 51,Large,PA,15025,US,175,0,"{""gas_station"":""true"",""active"":""true"",""pump_perk"":""true""}",,40.3060219,-79.9352102,,
https://www.shopnsavefood.com/,Larimer,6481 Frankstown Road,Pittsburgh,PA,15206,US,159,0,"{""gas_station"":""true"",""active"":""true"",""pump_perk"":""true""}",,40.4607869,-79.9139416,,
https://www.shopnsavefood.com/,Latrobe,1910 Dailey Avenue ,Latrobe,PA,15650,US,58,1346,"{""gas_station"":""724-539-3080"",""active"":""724-539-2120"",""pump_perk"":""40.309574""}",,Mon-Sat 7:00-10:00,Sun 7:00-7:00,,
https://www.shopnsavefood.com/,Latrobe,124 Lloyd Avenue,Latrobe,PA,15650,US,176,0,"{""gas_station"":""true"",""active"":""true"",""pump_perk"":""true""}",,40.35577,-79.42196,,
https://www.shopnsavefood.com/,Latrobe,"""3963 Route 30, Box 211""",Latrobe,PA,15650,US,177,0,"{""gas_station"":""true"",""active"":""true"",""pump_perk"":""true""}",,40.35577,-79.42196,,
https://www.shopnsavefood.com/,Latrobe,Lincoln Ave & James Street,Latrobe,PA,15650,US,178,0,"{""gas_station"":""true"",""active"":""true"",""pump_perk"":""true""}",,40.35577,-79.42196,,
https://www.shopnsavefood.com/,Lawrenceville,450 56th Street ,Pittsburgh,PA,15201,US,89,2406,"{""gas_station"":""412-784-8732"",""active"":""40.48438"",""pump_perk"":""-79.947574""}",,Mon-Sun 7:00-10:00,412-784-8701,,
https://www.shopnsavefood.com/,Lawrenceville,5013 Butler Street,Pittsburgh,PA,15201,US,179,0,"{""gas_station"":""true"",""active"":""true"",""pump_perk"":""true""}",,40.4783131,-79.9562027,,
https://www.shopnsavefood.com/,Leechburg,265 Market Street,Leechburg,PA,15656,US,180,0,"{""gas_station"":""true"",""active"":""true"",""pump_perk"":""true""}",,40.63896,-79.61096,,
https://www.shopnsavefood.com/,Little General - Barrackville,213 Pike St.,Barrackville,WV,26559,US,264,0,"{""gas_station"":""true"",""active"":""true"",""pump_perk"":""true""}",,39.5039551,-80.167091,,
https://www.shopnsavefood.com/,Little General - Cheat Lake SNS,Rt. 310 East Grafton Rd.,Fairmont,WV,26554,US,260,0,"{""gas_station"":""true"",""active"":""true"",""pump_perk"":""true""}",,39.49411,-80.22128,,
https://www.shopnsavefood.com/,Little General - East Fairmont SNS,I-79 Exit 139 Prickett's Fort,Fairmont,WV,26554,US,262,0,"{""gas_station"":""true"",""active"":""true"",""pump_perk"":""true""}",,39.49411,-80.22128,,
https://www.shopnsavefood.com/,Little General - Fairmont,2395 White Hall Blvd,Fairmont,WV,26554,US,261,0,"{""gas_station"":""true"",""active"":""true"",""pump_perk"":""true""}",,39.435618,-80.183637,,
https://www.shopnsavefood.com/,Little General - Mannington SNS,2988 White Hall Blvd,Fairmont,WV,26554,US,263,0,"{""gas_station"":""true"",""active"":""true"",""pump_perk"":""true""}",,39.49411,-80.22128,,
https://www.shopnsavefood.com/,Little General - South Fairmont SNS,7530 Huskey Hwy Rt. 250,North Farmington,WV,26571,US,266,0,"{""gas_station"":""true"",""active"":""true"",""pump_perk"":""true""}",,39.50665,-80.25258,,
https://www.shopnsavefood.com/,Little General - South Fairmont SNS,6 East Gate Plaza Rt. 7,Morgantown,WV,26505,US,267,0,"{""gas_station"":""true"",""active"":""true"",""pump_perk"":""true""}",,39.59532,-79.92287,,
https://www.shopnsavefood.com/,Little General - South Fairmont SNS,1314 Grafton Rd,Morgantown,WV,26508,US,268,0,"{""gas_station"":""true"",""active"":""true"",""pump_perk"":""true""}",,39.59532,-79.92287,,
https://www.shopnsavefood.com/,"Mars, Seven Fields",675 Castle Creek Drive,Mars,PA,16046,US,181,0,"{""gas_station"":""true"",""active"":""true"",""pump_perk"":""true""}",,40.6849606,-80.0662502,,
https://www.shopnsavefood.com/,"Mars, Seven Fields",19090 Perry Highway,Mars,PA,16046,US,182,0,"{""gas_station"":""true"",""active"":""true"",""pump_perk"":""true""}",,40.67387,-80.0974133,,
https://www.shopnsavefood.com/,Masontown,R.D. #1 Box 30,Masontown,PA,15461,US,183,0,"{""gas_station"":""true"",""active"":""true"",""pump_perk"":""true""}",,39.94577,-79.68183,,
https://www.shopnsavefood.com/,McCandless,9100 Perry Highway,Pittsburgh,PA,15237,US,210,0,"{""gas_station"":""true"",""active"":""true"",""pump_perk"":""true""}",,40.5723509,-80.0365907,,
https://www.shopnsavefood.com/,McKees Rocks,351 Stanhope Street,Pittsburgh,PA,15204,US,184,0,"{""gas_station"":""true"",""active"":""true"",""pump_perk"":""true""}",,40.4633641,-80.0562387,,
https://www.shopnsavefood.com/,McKeesport,2105 Walnut Street,McKeesport,PA,15132,US,185,0,"{""gas_station"":""true"",""active"":""true"",""pump_perk"":""true""}",,40.40726,-80.04802,,
https://www.shopnsavefood.com/,McKeesport,600 Lysle Boulevard,McKeesport,PA,15132,US,186,0,"{""gas_station"":""true"",""active"":""true"",""pump_perk"":""true""}",,40.40726,-80.04802,,
https://www.shopnsavefood.com/,McMurray,120 East McMurray Road,McMurray,PA,15317,US,187,0,"{""gas_station"":""true"",""active"":""true"",""pump_perk"":""true""}",,40.2725393,-80.1257361,,
https://www.shopnsavefood.com/,Millvale,1329 Babcock Blvd,Millvale,PA,15209,US,188,0,"{""gas_station"":""true"",""active"":""true"",""pump_perk"":""true""}",,40.4957371,-79.9768987,,
https://www.shopnsavefood.com/,Millvale,300 Grant Avenue,Millvale,PA,15209,US,189,0,"{""gas_station"":""true"",""active"":""true"",""pump_perk"":""true""}",,40.4795703,-79.9721353,,
https://www.shopnsavefood.com/,Monroeville,1855 Haymaker Road,Monroeville,PA,15146,US,190,0,"{""gas_station"":""true"",""active"":""true"",""pump_perk"":""true""}",,40.54811,-80.23688,,
https://www.shopnsavefood.com/,Monroeville,2700 Mosside Blvd,Monroeville,PA,15147,US,343,0,"{""gas_station"":""true"",""active"":""false"",""pump_perk"":""false""}",,40.4342471,-79.7535382,,
https://www.shopnsavefood.com/,Moorefield Express,Route 220 N MainSt,Moorefield,WV,26836,US,66,1439,"{""gas_station"":""304-538-6396"",""active"":""304-538-2955"",""pump_perk"":""39.072595""}",,Mon-Sat 8:00am-9:00pm,Sun 9:00am-8:00pm,,
https://www.shopnsavefood.com/,Mount Pleasant,210 North Diamond Street ,Mt. Pleasant,PA,15666,US,68,1147,"{""gas_station"":""724-547-4098"",""active"":""40.151456"",""pump_perk"":""-79.538162""}",,Mon-Sun 7:00am-10:00pm,724-547-3581,,
https://www.shopnsavefood.com/,Mt Washington,125 Virginia Ave,Pittsburgh,PA,15211,US,90,1076,"{""gas_station"":""412-431-1566"",""active"":""412-381-1430"",""pump_perk"":""40.429554""}",,Mon - Sat 7:00am -9:00pm,Sun - 8:00am - 9:00pm,,
https://www.shopnsavefood.com/,Mt. Lebanon,1630 Cochran Road,Pittsburgh,PA,15220,US,191,0,"{""gas_station"":""true"",""active"":""true"",""pump_perk"":""true""}",,40.3904987,-80.0587845,,
https://www.shopnsavefood.com/,Mt. Lebanon,339 Cochran Road,Mount Lebanon,PA,15228,US,192,0,"{""gas_station"":""true"",""active"":""true"",""pump_perk"":""true""}",,40.3826624,-80.0525753,,
https://www.shopnsavefood.com/,Mt. Lebanon,1710 Washington Road,Pittsburgh,PA,15241,US,244,0,"{""gas_station"":""true"",""active"":""true"",""pump_perk"":""true""}",,40.348262,-80.0517043,,
https://www.shopnsavefood.com/,Mt. Oliver,1643 Arlington (At 18th St),Pittsburgh,PA,15210,US,193,0,"{""gas_station"":""true"",""active"":""true"",""pump_perk"":""true""}",,40.417915,-79.9850892,,
https://www.shopnsavefood.com/,Mt. Oliver,427 Brownsville Road,Mount Oliver,PA,15210,US,194,0,"{""gas_station"":""true"",""active"":""true"",""pump_perk"":""true""}",,40.4122307,-79.9873363,,
https://www.shopnsavefood.com/,Mt. Pleasant,819 W. Main Street,Mt. Pleasant,PA,15666,US,195,0,"{""gas_station"":""true"",""active"":""true"",""pump_perk"":""true""}",,40.20221,-79.60998,,
https://www.shopnsavefood.com/,Mt. Washington,304 Virginia Ave.,Pittsburgh,PA,15211,US,196,0,"{""gas_station"":""true"",""active"":""true"",""pump_perk"":""true""}",,40.4313433,-80.0107503,,
https://www.shopnsavefood.com/,Munhall,5204 Interboro Avenue,Pittsburgh,PA,15207,US,197,0,"{""gas_station"":""true"",""active"":""true"",""pump_perk"":""true""}",,40.3702181,-79.9131837,,
https://www.shopnsavefood.com/,Murrysville,<Website>,<Website>,4536 William Penn Highway,Murrysville,US,69,1271,"{""gas_station"":""Mon-Sat 7 AM - 11 PM"",""active"":""Sun 7 AM - 9 PM"",""pump_perk"":""724-733-0556""}",,PA,15668,,
https://www.shopnsavefood.com/,Murrysville,3980 Wm Penn Highway,Murrysville,PA,15668,US,198,0,"{""gas_station"":""true"",""active"":""true"",""pump_perk"":""true""}",,40.42329,-79.66328,,
https://www.shopnsavefood.com/,N. Belle Vernon,15 Fayette St. at I-70,North Belle Vernon,PA,15012,US,199,0,"{""gas_station"":""true"",""active"":""true"",""pump_perk"":""true""}",,40.07026,-79.60342,,
https://www.shopnsavefood.com/,N. Martinsburg Exxon,823 Warm Springs Rd.,Martinsburg,WV,25401,US,323,0,"{""gas_station"":""true"",""active"":""false"",""pump_perk"":""false""}",,39.490707,-77.958022,,
https://www.shopnsavefood.com/,N. Versailles Twp,903 Lincoln Hwy,North Versailles,PA,15137,US,200,0,"{""gas_station"":""true"",""active"":""true"",""pump_perk"":""true""}",,40.3787891,-79.8068157,,
https://www.shopnsavefood.com/,Naples,136 South Main Street,Naples,NY,14512,US,71,1121,"{""gas_station"":""-77.402716"",""active"":""false"",""pump_perk"":""true""}",,Mon-Sun 7am-10pm,42.613844,,
https://www.shopnsavefood.com/,New Castle,1717 Wilmington Road,New Castle,PA,16105,US,201,0,"{""gas_station"":""true"",""active"":""true"",""pump_perk"":""true""}",,41.02405,-80.34544,,
https://www.shopnsavefood.com/,New Castle,719 E. Washington Road,New Castle,PA,16101,US,202,0,"{""gas_station"":""true"",""active"":""true"",""pump_perk"":""true""}",,40.96451,-80.30073,,
https://www.shopnsavefood.com/,New Kensington,336 City Central Plaza,New Kensington,PA,15068,US,73,1214,"{""gas_station"":""724-339-7283"",""active"":""40.564371"",""pump_perk"":""-79.765908""}",,Mon-Sat 8:00am-9:00pm,Sun 8:00am-8:00pm,,
https://www.shopnsavefood.com/,New Kensington,2033 Freeport Rd. & Murray Ave.,New Kensington,PA,15068,US,203,0,"{""gas_station"":""true"",""active"":""true"",""pump_perk"":""true""}",,40.47882,-79.5815,,
https://www.shopnsavefood.com/,New Kensington,298 Freeport Street,New Kensington,PA,15068,US,204,0,"{""gas_station"":""true"",""active"":""true"",""pump_perk"":""true""}",,40.47882,-79.5815,,
https://www.shopnsavefood.com/,New Kensington,Rt. 366 & Caldwell,New Kensington,PA,15068,US,205,0,"{""gas_station"":""true"",""active"":""true"",""pump_perk"":""true""}",,40.47882,-79.5815,,
https://www.shopnsavefood.com/,New Salem,6718 National Pke (RT 40),New Salem,PA,15468,US,206,0,"{""gas_station"":""true"",""active"":""true"",""pump_perk"":""true""}",,39.94183,-79.84103,,
https://www.shopnsavefood.com/,New Stanton,106 N. Center Street,New Stanton,PA,15672,US,207,0,"{""gas_station"":""true"",""active"":""true"",""pump_perk"":""true""}",,40.24375,-79.65843,,
https://www.shopnsavefood.com/,Newton Falls,37 Ridge Road,Newton Falls,OH,44444,US,74,2125,"{""gas_station"":""330-872-9907"",""active"":""41.190399"",""pump_perk"":""-80.978855""}",,Mon-Sun 8:00am-9:00pm,330-872-0134,,
https://www.shopnsavefood.com/,Noblestown,2103 Noblestown Road ,Pittsburgh,PA,15205,US,91,2412,"{""gas_station"":""412-919-0688"",""active"":""40.4306668"",""pump_perk"":""-80.05415""}",,Mon-Sun 6:00am-10:00pm,412-921-0117,,
https://www.shopnsavefood.com/,North Apollo,1826 River Road,North Apollo,PA,15673,US,208,0,"{""gas_station"":""true"",""active"":""true"",""pump_perk"":""true""}",,40.5970811,-79.5593597,,
https://www.shopnsavefood.com/,North Huntington,9299 Route 30,North Huntington,PA,15642,US,211,0,"{""gas_station"":""true"",""active"":""true"",""pump_perk"":""true""}",,40.3223158,-79.6950426,,
https://www.shopnsavefood.com/,North Side,310 Cedar Avenue,Pittsburgh,PA,15212,US,220,0,"{""gas_station"":""true"",""active"":""true"",""pump_perk"":""true""}",,40.451364,-80.0005781,,
https://www.shopnsavefood.com/,Norwin Town Square,12120 US Route 30,North Huntingdon,PA,15642,US,353,1149,"{""gas_station"":""724-515-7941"",""active"":""40.3316059"",""pump_perk"":""-79.7439798""}",,Sun - Sat 7 AM - 10 PM,724-515-2148,,
https://www.shopnsavefood.com/,Nunda,9045 Route 408,Nunda,NY,14517,US,77,1124,"{""gas_station"":""-77.940209"",""active"":""false"",""pump_perk"":""true""}",,Mon-Sun 7am-9pm,42.58843,,
https://www.shopnsavefood.com/,Oakland Express,406 Weber Road,Oaklane ,MD,21550,US,278,1082,"{""gas_station"":""301-334-4411"",""active"":""39.401942"",""pump_perk"":""-79.391225""}",,Mon-Thur 8am-930pm,Sat 8am-10pm Sun 9am-9pm,,
https://www.shopnsavefood.com/,Olympia,4313 Walnut Street Store Front #4,McKeesport,PA,15132,US,63,1030,"{""gas_station"":""412-751-4257"",""active"":""40.321469"",""pump_perk"":""-79.835544""}",,Sun-Sat 7:00am-10:00pm,412-751-6789,,
https://www.shopnsavefood.com/,"Overbrook, Pittsburgh",601 McNeilly Rd.,Pittsburgh,PA,15226,US,213,0,"{""gas_station"":""true"",""active"":""true"",""pump_perk"":""true""}",,40.40014,-80.01607,,
https://www.shopnsavefood.com/,Palmyra Express,611 E. Main St. Rt. 31,Palmyra,NY,14522,US,79,1097,"{""gas_station"":""43.062711"",""active"":""-77.220669"",""pump_perk"":""false""}",,Mon-Sun 7am-9pm,315-597-9509,,
https://www.shopnsavefood.com/,Parsons Express,302 D&W Lane,Parsons,WV,26287,US,80,1538,"{""gas_station"":""304-478-4945"",""active"":""39.097445"",""pump_perk"":""-79.680963""}",,Mon-Sun 8:00am-10:00pm,304-478-4803,,
https://www.shopnsavefood.com/,Penn Hills,2820 Universal Road ,Pittsburgh,PA,15235,US,92,1540,"{""gas_station"":""412-798-0984"",""active"":""40.478333"",""pump_perk"":""-79.784686""}",,Mon-Sun 6:00am-12:00am,412-798-9680,,
https://www.shopnsavefood.com/,Penn Hills,600 Rodi Road,Pittsburgh,PA,15235,US,214,0,"{""gas_station"":""true"",""active"":""true"",""pump_perk"":""true""}",,40.4493014,-79.8273842,,
https://www.shopnsavefood.com/,Penn Hills,6500 Saltsburg Road,Penn Hills Township,PA,15235,US,215,0,"{""gas_station"":""true"",""active"":""true"",""pump_perk"":""true""}",,40.3986,-80.00085,,
https://www.shopnsavefood.com/,"Penn Hills, Eastmont",3899 Old William Penn Highway,Pittsburgh,PA,15235,US,216,0,"{""gas_station"":""true"",""active"":""true"",""pump_perk"":""true""}",,40.4441851,-79.8135287,,
https://www.shopnsavefood.com/,Petersburg Express,442 Virginia Avenue,Petersburg,WV,26847,US,81,1068,"{""gas_station"":""38.993939"",""active"":""-79.111991"",""pump_perk"":""false""}",,Mon-Sun 7am-10pm,304-257-2988,,
https://www.shopnsavefood.com/,Philippi Express,1 Swamp Lane,Philippi,WV,26416,US,82,1112,"{""gas_station"":""304-457-1891"",""active"":""39.144873"",""pump_perk"":""-80.03583""}",,Mon-Sun 7:00am-9:00pm,304-457-1890,,
https://www.shopnsavefood.com/,Pines Plaza,www.mihelicshopnsaves.com/,1130 Perry Highway ,Pittsburgh,PA,US,93,1325,"{""gas_station"":""Sun 7:00am-9:00pm"",""active"":""412-367-5115"",""pump_perk"":""412-348-0100""}",,15237,Mon-Sat 7:00am-10:00pm,,
https://www.shopnsavefood.com/,Pitcairn,Broadway & Center Street,Pitcairn,PA,15140,US,217,0,"{""gas_station"":""true"",""active"":""true"",""pump_perk"":""true""}",,40.401518,-79.7765612,,
https://www.shopnsavefood.com/,Pittsburgh Street,<Website>,<Website>,730 East Pittsburgh Street ,Greensburg,US,52,1060,"{""gas_station"":""Mon-Sat 7:00-11:00"",""active"":""Sun 7:00-9:00"",""pump_perk"":""724-834-4470""}",,PA,15601,,
https://www.shopnsavefood.com/,"Pittsburgh, Hill District",2350 Centre Avenue,Pittsburgh,PA,15219,US,224,0,"{""gas_station"":""true"",""active"":""true"",""pump_perk"":""true""}",,40.37535,-80.01707,,
https://www.shopnsavefood.com/,"Pittsburgh, Oakland",195 North Craig Street,Pittsburgh,PA,15213,US,221,0,"{""gas_station"":""true"",""active"":""true"",""pump_perk"":""true""}",,40.449451,-79.9509173,,
https://www.shopnsavefood.com/,"Pittsburgh, Oakland",301 Craft Avenue,Pittsburgh,PA,15213,US,222,0,"{""gas_station"":""true"",""active"":""true"",""pump_perk"":""true""}",,40.4356181,-79.9608687,,
https://www.shopnsavefood.com/,"Pittsburgh, Southside",2401 East Carson St.,Pittsburgh,PA,15203,US,218,0,"{""gas_station"":""true"",""active"":""true"",""pump_perk"":""true""}",,40.4285057,-79.9708035,,
https://www.shopnsavefood.com/,Pleasant Hills,104 Clairton Boulevard,Pleasant Hills,PA,15236,US,225,0,"{""gas_station"":""true"",""active"":""true"",""pump_perk"":""true""}",,40.3387026,-79.9598431,,
https://www.shopnsavefood.com/,Pleasant Hills,575 Old Clairton Rd,Pleasant Hills,PA,15236,US,228,0,"{""gas_station"":""true"",""active"":""true"",""pump_perk"":""true""}",,40.3259741,-79.9561947,,
https://www.shopnsavefood.com/,Pleasant Hills,649 Old Clairton Rd,Pleasant Hills,PA,15236,US,322,1135,"{""gas_station"":""412-655-1756"",""active"":""40.3242622"",""pump_perk"":""-79.9590808""}",,Mon-Sun 7:00am - 10:00pm,412-655-1755,,
https://www.shopnsavefood.com/,Plum - Penn Hills,255 Unity Center Road,Pittsburgh,PA,15239,US,237,0,"{""gas_station"":""true"",""active"":""true"",""pump_perk"":""true""}",,40.4899975,-79.7805172,,
https://www.shopnsavefood.com/,Port Allegany,50 West Mill Street,Port Allegany,PA,16743,US,98,1099,"{""gas_station"":""-78.282373"",""active"":""false"",""pump_perk"":""true""}",,814-642-2034,41.809852,,
https://www.shopnsavefood.com/,Punxsutawney SNS,22727 Rt. 119,Punxsutawney,PA,15767,US,276,0,"{""gas_station"":""true"",""active"":""true"",""pump_perk"":""true""}",,40.94453,-78.97984,,
https://www.shopnsavefood.com/,Punxsy SHOP 'n Save,201 North Hampton Ave,Punxsutawney,PA,15767,US,284,1544,"{""gas_station"":""814-938-5960"",""active"":""40.945635"",""pump_perk"":""-78.967519""}",,24 hrs,814-938-2820,,
https://www.shopnsavefood.com/,Reedsville Express,PO Box 680 ,Reedsville,WV,26547,US,99,1420,"{""gas_station"":""304-864-5150"",""active"":""304-864-6034"",""pump_perk"":""39.512947""}",,Mon-Sat 7am-830pm,Mon-Sat 7am-830pm,,
https://www.shopnsavefood.com/,Ridge Road,37 Ridge Road,Newton Falls,OH,44444,US,297,0,"{""gas_station"":""true"",""active"":""false"",""pump_perk"":""false""}",,41.1901527,-80.9811211,,
https://www.shopnsavefood.com/,Rochester,854 Ohio River Blvd.,Rochester,PA,15074,US,229,0,"{""gas_station"":""true"",""active"":""true"",""pump_perk"":""true""}",,40.68647,-80.32653,,
https://www.shopnsavefood.com/,Rochester Road,www.mihelicshopnsaves.com,184 Rochester Rd ,Pittsburgh,PA,US,94,1118,"{""gas_station"":""Sun 7am-9pm"",""active"":""412-931-0743"",""pump_perk"":""412-931-2541""}",,15229,Mon-Sat 7:00am-10:00pm,,
https://www.shopnsavefood.com/,Ross Township,3278 Babcock Blvd.,Pittsburgh,PA,15237,US,209,0,"{""gas_station"":""true"",""active"":""true"",""pump_perk"":""true""}",,40.5303765,-80.0177849,,
https://www.shopnsavefood.com/,Ross's Fifth Ave,815 Fifth Avenue,McKeesport,PA,15132,US,64,1038,"{""gas_station"":""412-672-5972"",""active"":""40.354099"",""pump_perk"":""-79.856443""}",,Mon-Sun 7:00am-9:00pm,412-672-7820,,
https://www.shopnsavefood.com/,Rostraver,600 Willowbrook Plaza,Belle Vernon,PA,15012,US,29,1053,"{""gas_station"":""724-379-9000"",""active"":""724-379-0133"",""pump_perk"":""40.184775""}",,Mon-Sat 6:00am-11:00pm,Sun 7:00am-10:00pm,,
https://www.shopnsavefood.com/,Rostraver,3405 Street Route 51 (Intersection of I-70 & 51),Rostraver,PA,15012,US,230,0,"{""gas_station"":""true"",""active"":""true"",""pump_perk"":""true""}",,40.1580775,-79.7775583,,
https://www.shopnsavefood.com/,Route 66,<Website>,<Website>,990 North Main Street ,Greensburg,US,53,1270,"{""gas_station"":""Mon-Sat 7:00am-11:00pm"",""active"":""Sun 8:00am-11:00pm"",""pump_perk"":""724-834-5714""}",,PA,15601,,
https://www.shopnsavefood.com/,Route 8,www.mihelicshopnsaves.com,"RD #3, 5375 William Flynn Highway ",Gibsonia,PA,US,48,2405,"{""gas_station"":""724-443-8420"",""active"":""724-443-5990"",""pump_perk"":""724-443-1861""}",,15044,Mon-Sun 6:00am-10:00pm,,
https://www.shopnsavefood.com/,Russellton,Box 67 Deer Lakes Plaza ,Russellton,PA,15076,US,101,1560,"{""gas_station"":""724-265-2858"",""active"":""724-265-2849"",""pump_perk"":""40.613952""}",,Mon-Sat 8:00am-10:00pm,Sun 8:00am-7:00pm,,
https://www.shopnsavefood.com/,Saltsburg,543 Salt Street ,Saltsburg,PA,15681,US,102,1566,"{""gas_station"":""724-639-3637"",""active"":""724-639-3200"",""pump_perk"":""40.486192""}",,Mon-Sat 7:00am-11:00pm,Sun 9:00am-7:00pm,,
https://www.shopnsavefood.com/,Saltsburg,2687 Rt. 286 (2937),Saltsburg,PA,15681,US,232,0,"{""gas_station"":""true"",""active"":""true"",""pump_perk"":""true""}",,40.54287,-79.3978,,
https://www.shopnsavefood.com/,Scottdale,800 Water Street,Scottsdale,PA,15683,US,233,0,"{""gas_station"":""true"",""active"":""true"",""pump_perk"":""true""}",,40.1093501,-79.5847636,,
https://www.shopnsavefood.com/,Shaler,www.edandmarks.com/,1620 Babcock Blvd.,Pittsburgh,PA,US,95,1581,"{""gas_station"":""Sun 7:00am-7:00pm"",""active"":""412-821-1400"",""pump_perk"":""412-821-1840""}",,15209,Mon-Sat 7:00am-9:00pm,,
https://www.shopnsavefood.com/,Sharpsburg Pike AC&T,1449 South Potomac Rd.,Hagerstown,MD,21740,US,329,0,"{""gas_station"":""true"",""active"":""false"",""pump_perk"":""false""}",,39.609499,-77.729859,,
https://www.shopnsavefood.com/,Shinglehouse,"115 North Mill St., PO Box 119",Shinglehouse,PA,16748,US,103,1105,"{""gas_station"":""-78.190212"",""active"":""false"",""pump_perk"":""true""}",,814-697-7145,41.963607,,
https://www.shopnsavefood.com/,Smithfield,25 Main Street,Smithfield,PA,15478,US,234,0,"{""gas_station"":""true"",""active"":""true"",""pump_perk"":""true""}",,39.8042271,-79.8050047,,
https://www.shopnsavefood.com/,Smithsburg Exxon,22507 Jefferson Blvd,Smithsburg,MD,21783,US,333,0,"{""gas_station"":""true"",""active"":""false"",""pump_perk"":""false""}",,39.642323,-77.585341,,
https://www.shopnsavefood.com/,SNS Express - Devine's SHOP 'n SAVE Express,368 N. Main St.,Hubbard,Oh,44425,US,124,0,"{""gas_station"":""true"",""active"":""true"",""pump_perk"":""true""}",,41.160968,-80.569429,,
https://www.shopnsavefood.com/,SNS Express - Glenshaw,917 Butler Street,Pittsburgh,PA,15223,US,120,0,"{""gas_station"":""true"",""active"":""true"",""pump_perk"":""true""}",,40.511424,-79.949159,,
https://www.shopnsavefood.com/,SNS Express - Rochester Road,184 Rochester Rd,Pittsburgh,PA,15229,US,123,0,"{""gas_station"":""true"",""active"":""true"",""pump_perk"":""true""}",,40.43443,-80.02481,,
https://www.shopnsavefood.com/,SNS Express - Wilkins Township,3335 William Penn Highway,Pittsburgh,PA,15235,US,122,0,"{""gas_station"":""true"",""active"":""true"",""pump_perk"":""true""}",,40.432257,-79.8162104,,
https://www.shopnsavefood.com/,South Fairmont SNS Fuel Center,1208 Fairmont Ave,Fairmont,WV,26554,US,285,0,"{""gas_station"":""true"",""active"":""false"",""pump_perk"":""false""}",,39.468470,-80.155097,,
https://www.shopnsavefood.com/,South Fairmont SNS In & Out,1501 Locust St.,Fairmont,WV,26554,US,269,0,"{""gas_station"":""true"",""active"":""true"",""pump_perk"":""true""}",,39.49411,-80.22128,,
https://www.shopnsavefood.com/,South Park,5660 Brownsville Rd.,South Park,PA,15236,US,236,0,"{""gas_station"":""true"",""active"":""true"",""pump_perk"":""true""}",,40.330742,-79.9876707,,
https://www.shopnsavefood.com/,Sunoco,3850 Washington Ave,Finleyville,PA,15332,US,350,0,"{""gas_station"":""true"",""active"":""false"",""pump_perk"":""false""}",,40.25327,-80.0016854,,
https://www.shopnsavefood.com/,Terra Alta,"PO Box 107, Rt 7 W",Terra Alta,WV,26764,US,105,1070,"{""gas_station"":""304-789-5881"",""active"":""39.44481"",""pump_perk"":""-79.533892""}",,Mon-Sun 8:00am-9:00pm,304-789-5880,,
https://www.shopnsavefood.com/,Tiltonsville Express,206 Walden Avenue,Tiltonsville,OH,43963,US,106,6197,"{""gas_station"":""40.172791"",""active"":""-80.696683"",""pump_perk"":""false""}",,Mon-Sun 730am-10pm,740-859-0318,,
https://www.shopnsavefood.com/,Uniontown,2013 Morgantown Rd.,Uniontown,PA,15437,US,239,0,"{""gas_station"":""true"",""active"":""true"",""pump_perk"":""true""}",,39.79741,-79.59676,,
https://www.shopnsavefood.com/,Uniontown,55 Morgantown Street,Uniontown,PA,15401,US,240,0,"{""gas_station"":""true"",""active"":""true"",""pump_perk"":""true""}",,39.94488,-79.77006,,
https://www.shopnsavefood.com/,Uniontown,55 Connellsville Road,Uniontown,PA,15401,US,241,0,"{""gas_station"":""true"",""active"":""true"",""pump_perk"":""true""}",,39.94488,-79.77006,,
https://www.shopnsavefood.com/,Uniontown,417 W. Main St. (formerly Bob's),Uniontown,PA,15401,US,242,0,"{""gas_station"":""true"",""active"":""true"",""pump_perk"":""true""}",,39.94488,-79.77006,,
https://www.shopnsavefood.com/,Upper St. Clair,2520 Washington Road,Bethel Park,PA,15241,US,132,0,"{""gas_station"":""true"",""active"":""true"",""pump_perk"":""true""}",,40.33226,-80.08102,,
https://www.shopnsavefood.com/,Upper St. Clair,127 McMurray Road,Pittsburgh,PA,15241,US,243,0,"{""gas_station"":""true"",""active"":""true"",""pump_perk"":""true""}",,40.3265301,-80.0655327,,
https://www.shopnsavefood.com/,Vandergrift,600 Hancock Street,Vandergrift,PA,15690,US,245,0,"{""gas_station"":""true"",""active"":""true"",""pump_perk"":""true""}",,40.40041,-79.54685,,
https://www.shopnsavefood.com/,Verona,280 Hulton Road,Verona,PA,15147,US,246,0,"{""gas_station"":""true"",""active"":""true"",""pump_perk"":""true""}",,40.35146,-80.01157,,
https://www.shopnsavefood.com/,Walnut Hill,www.jamiesonfamilymarkets.com,150 Walnut Hill Road ,Uniontown,PA,US,107,1612,"{""gas_station"":""724-437-2764"",""active"":""724-437-2767"",""pump_perk"":""39.882013""}",,15401,Mon-Sun 7:00am-11:00pm,,
https://www.shopnsavefood.com/,Washington,125 W. Beau St.,Washington,PA,15301,US,108,1620,"{""gas_station"":""724-223-5494"",""active"":""724-223-5499"",""pump_perk"":""40.170758""}",,Mon-Sat 6:00am-11:00pm,Sun 7:00am-11:00pm,,
https://www.shopnsavefood.com/,Washington,1 Park Place Drive,Washington,PA,15301,US,247,0,"{""gas_station"":""true"",""active"":""true"",""pump_perk"":""true""}",,40.13539,-80.1467,,
https://www.shopnsavefood.com/,Washington,1550 West Chestnut Street,Washington,PA,15301,US,248,0,"{""gas_station"":""true"",""active"":""true"",""pump_perk"":""true""}",,40.13539,-80.1467,,
https://www.shopnsavefood.com/,Washington,195 Murtland Avenue,Washington,PA,15301,US,249,0,"{""gas_station"":""true"",""active"":""true"",""pump_perk"":""true""}",,40.13539,-80.1467,,
https://www.shopnsavefood.com/,Washington,501 Jefferson Ave.,Washington,PA,15301,US,346,0,"{""gas_station"":""true"",""active"":""true"",""pump_perk"":""true""}",,40.1760732 ,-80.2579146 ,,
https://www.shopnsavefood.com/,Waynesboro Exxon,11055 Buchanan Trail East,Waynesboro,PA,17268,US,334,0,"{""gas_station"":""true"",""active"":""false"",""pump_perk"":""false""}",,39.739116,-77.534717,,
https://www.shopnsavefood.com/,Waynesburg,10 E. Greene Street,Waynesburg,PA,15370,US,250,0,"{""gas_station"":""true"",""active"":""true"",""pump_perk"":""true""}",,39.87477,-80.08057,,
https://www.shopnsavefood.com/,Weirton,273 Penco Road ,Weirton,WV,26062,US,109,1664,"{""gas_station"":""304-723-1025"",""active"":""304-723-1026"",""pump_perk"":""40.410212""}",,Mon-Sat 7:00am-10:00pm,Sun 7:30am-9:30pm,,
https://www.shopnsavefood.com/,Weirton,1228 Penn Avenue (Convenient Mart),Weirton,VW,26062,US,251,0,"{""gas_station"":""true"",""active"":""true"",""pump_perk"":""true""}",,40.50772,-80.56529,,
https://www.shopnsavefood.com/,Weirton,Three Springs Drive,Weirton,VW,26062,US,252,0,"{""gas_station"":""true"",""active"":""true"",""pump_perk"":""true""}",,40.50772,-80.56529,,
https://www.shopnsavefood.com/,Wesel Blvd. AC&T,1615 Wesel Blvd.,Hagerstown,MD,21740,US,332,0,"{""gas_station"":""true"",""active"":""false"",""pump_perk"":""false""}",,39.631422,-77.760724,,
https://www.shopnsavefood.com/,West Kittanning,#1 Franklin Village Mall ,West Kittanning,PA,16201,US,110,1657,"{""gas_station"":""724-543-6389"",""active"":""724-543-3330"",""pump_perk"":""40.812478""}",,Mon-Sat 7:00am-10:00pm,Sun 8:00am-7:00pm,,
https://www.shopnsavefood.com/,West Mifflin-Village,1886 Homeville Road,West Mifflin,PA,15122,US,114,1315,"{""gas_station"":""412-466-1112"",""active"":""412- 346-0040"",""pump_perk"":""40.3736775""}",,Mon-Sun 7am-10pm,Sun 8:00am - 8:00pm,,
https://www.shopnsavefood.com/,West Newton,150 Mt. Pleasant Rd.,West Newton,PA,15089,US,253,0,"{""gas_station"":""true"",""active"":""true"",""pump_perk"":""true""}",,40.2018,-79.72723,,
https://www.shopnsavefood.com/,West Union Express,201 Marie Street ,West Union,WV,26456,US,115,2010,"{""gas_station"":""304-873-2732"",""active"":""39.296513"",""pump_perk"":""-80.776591""}",,Mon-Sun 8:00am-9:00pm,304-873-2685,,
https://www.shopnsavefood.com/,West View,100 Rochester Road,West View,PA,15229,US,254,0,"{""gas_station"":""true"",""active"":""true"",""pump_perk"":""true""}",,40.5205578,-80.0252208,,
https://www.shopnsavefood.com/,West View,5457 Perrysville Road,West View,PA,15229,US,255,0,"{""gas_station"":""true"",""active"":""true"",""pump_perk"":""true""}",,40.513599,-80.0293133,,
https://www.shopnsavefood.com/,Weston Express,402 B Medical Drive,Weston,WV,26452,US,116,1050,"{""gas_station"":""304-269-1962"",""active"":""39.651483"",""pump_perk"":""-79.961736""}",,Mon-Sun 7:00am-9:00pm,304-269-5830,,
https://www.shopnsavefood.com/,White Oak,1969 Lincoln Way,White Oak,PA,15131,US,256,0,"{""gas_station"":""true"",""active"":""true"",""pump_perk"":""true""}",,40.3397861,-79.8107175,,
https://www.shopnsavefood.com/,White Oak,2904 Fifth Avenue,White Oak,PA,15131,US,257,0,"{""gas_station"":""true"",""active"":""true"",""pump_perk"":""true""}",,40.3583807,-79.8300649,,
https://www.shopnsavefood.com/,Whitehall,4639 Clairton Boulevard,Pleasant Hills,PA,15236,US,226,0,"{""gas_station"":""true"",""active"":""true"",""pump_perk"":""true""}",,40.3559744,-79.9796451,,
https://www.shopnsavefood.com/,Wilkins Township,3335 William Penn Highway ,Pittsburgh,PA,15235,US,96,1631,"{""gas_station"":""412-829-7370"",""active"":""412-829-7536"",""pump_perk"":""40.448253""}",,Mon-Sun 6:00am-1:00am,412-829-2900,,
https://www.shopnsavefood.com/,Williamson Express,4090 Piearsall Street,Williamson,NY,14589,US,118,1107,"{""gas_station"":""315-589-9413"",""active"":""43.232119"",""pump_perk"":""-77.185543""}",,Mon-Sun 7am-9pm,315-589-9691,,
https://www.shopnsavefood.com/,Williamsport AC&T,16504 Virginia Ave.,Williamsport,MD,21795,US,331,0,"{""gas_station"":""true"",""active"":""false"",""pump_perk"":""false""}",,39.608354,-77.797288,,
https://www.shopnsavefood.com/,Youngwood,www.jamiesonfamilymarkets.com,250 South Third Street,Youngwood,PA,US,119,1122,"{""gas_station"":""724-925-1810"",""active"":""40.2358062"",""pump_perk"":""-79.5807462""}",,15697,Mon-Sun 7am-10pm,,
https://www.shopnsavefood.com/,Youngwood,506 S. Fourth Street,Youngwood,PA,15697,US,258,0,"{""gas_station"":""true"",""active"":""true"",""pump_perk"":""true""}",,40.24053,-79.50588,,
https://www.shopnsavefood.com/,Zelienople,129 N. Main Street,Zelienople,PA,16063,US,259,0,"{""gas_station"":""true"",""active"":""true"",""pump_perk"":""true""}",,40.7609,-80.10939,,
